id_,methodAnonymousClassesQty,methodAssignmentsQty,methodCbo,methodComparisonsQty,methodLambdasQty,methodLoc,methodLoopQty,methodMathOperationsQty,methodMaxNestedBlocks,methodNumbersQty,methodParametersQty,methodParenthesizedExpsQty,methodReturnQty,methodRfc,methodStringLiteralsQty,methodSubClassesQty,methodTryCatchQty,methodUniqueWordsQty,methodVariablesQty,methodWmc,bugFixCount,refactoringsInvolved
85608,0,3,7,2,0,10,0,0,1,3,1,0,1,4,0,0,0,23,1,3,2,3
50897,0,1,4,0,0,7,0,0,1,0,2,0,0,4,0,0,0,11,0,2,14,1
51900,0,0,3,1,0,21,0,0,2,0,2,0,0,4,0,0,0,7,0,12,1,1
66003,0,8,1,0,0,27,0,5,1,3,3,0,0,6,9,0,0,18,2,7,0,0
62824,0,6,2,0,0,23,0,0,1,1,1,0,0,13,0,0,0,43,0,6,3,1
96679,0,0,2,0,0,3,0,0,0,0,1,0,1,5,0,0,0,6,0,1,0,2
17540,0,2,5,1,0,17,0,0,2,0,1,1,0,4,0,0,0,28,2,5,0,1
17287,0,1,2,1,0,4,0,0,0,0,0,0,1,2,0,0,0,6,0,2,0,6
4185,0,10,6,0,0,37,0,0,1,0,8,0,1,1,0,0,0,30,1,11,15,13
13184,0,6,2,0,0,21,1,0,1,1,1,0,1,10,2,0,0,17,6,5,0,0
50336,0,8,8,0,0,21,0,0,1,2,5,2,1,1,2,0,0,23,1,12,6,0
679,0,2,1,0,0,15,0,0,2,0,0,0,1,8,0,0,0,16,1,4,7,73
42614,0,2,1,0,0,4,0,0,0,0,1,0,0,1,0,0,0,6,0,1,2,5
90288,0,1,2,0,0,5,0,0,0,0,0,0,0,5,0,0,0,9,0,1,3,2
41878,0,0,3,0,0,3,0,0,0,0,1,0,0,2,0,0,0,10,0,1,1,23
12065,1,2,3,0,0,24,0,0,1,0,0,0,0,2,2,0,0,39,0,1,1,2
32133,3,2,12,0,0,39,0,0,1,0,4,0,0,15,2,0,0,29,2,5,8,0
47752,0,0,1,0,0,4,0,0,0,0,4,0,1,2,0,0,0,5,0,1,6,33
19936,0,2,2,2,0,12,0,1,1,0,1,0,2,4,2,0,0,18,2,3,2,0
61690,0,1,3,0,0,14,0,0,2,0,1,1,0,6,0,0,0,14,0,5,9,11
45395,0,5,2,0,0,8,0,0,0,2,4,0,0,0,0,0,0,14,0,1,1,0
85317,0,1,1,0,0,10,0,0,1,0,1,0,0,5,1,0,1,22,1,2,0,2
86570,0,3,1,1,0,12,0,0,1,1,1,0,2,2,0,0,0,14,3,2,2,5
94085,0,1,0,0,0,7,0,0,1,0,1,0,0,2,0,0,0,6,0,3,0,2
11881,0,0,1,1,0,20,0,0,2,0,0,0,2,7,0,0,0,10,0,6,5,0
44541,0,7,0,0,0,22,0,4,2,1,0,0,1,12,18,0,0,30,4,5,5,4
33423,0,5,3,0,0,27,0,0,1,1,1,0,0,15,5,0,0,37,5,6,18,12
92991,0,2,5,0,0,8,1,0,1,0,1,0,1,16,0,0,0,12,2,2,0,0
93482,0,0,0,1,0,14,0,0,2,0,0,0,3,7,2,0,1,15,0,3,5,0
84746,0,4,4,0,0,7,0,0,0,0,0,0,1,8,0,0,0,21,4,2,7,15
76821,0,1,2,0,0,13,0,2,2,0,2,0,2,8,2,0,1,17,1,3,5,2
68318,0,1,4,0,0,7,0,0,1,0,4,0,0,10,0,0,0,24,1,2,1,0
41122,0,1,1,0,0,10,0,0,1,0,0,0,0,4,1,0,0,18,0,3,0,0
2167,0,2,1,0,0,16,0,0,2,0,2,0,1,6,0,0,1,15,2,3,0,3
26534,0,1,1,0,0,9,0,0,1,0,0,0,0,4,0,0,0,10,1,2,6,7
18613,19,1,5,0,0,224,0,0,1,4,1,0,0,8,4,0,0,93,0,1,4,3
4662,0,6,4,1,0,16,1,1,2,4,1,0,3,6,0,0,0,23,6,5,0,0
73878,0,3,1,0,0,6,0,4,0,3,2,2,1,2,0,0,0,13,3,1,0,1
92654,0,11,3,0,0,15,2,0,1,3,2,0,0,3,0,0,0,15,2,4,0,3
75611,0,1,3,0,0,10,0,0,1,0,1,0,1,4,2,0,0,22,1,1,7,11
14446,0,1,3,0,0,4,0,0,0,1,0,0,1,2,0,0,0,11,1,1,1,0
58313,0,8,3,0,0,28,2,1,2,5,1,0,0,6,3,0,2,32,4,5,7,15
47215,0,61,2,0,0,64,0,0,1,51,0,0,1,2,0,0,0,22,1,1,12,17
96264,0,2,0,0,0,13,0,0,1,1,0,0,0,11,1,0,0,17,1,2,1,2
7850,0,3,2,1,0,13,0,0,2,0,0,0,0,7,1,0,0,18,1,4,6,10
69449,0,0,0,0,0,3,0,0,0,0,1,0,1,2,1,0,0,6,0,1,4,5
33273,0,4,3,0,0,8,0,0,0,0,3,0,1,4,1,0,0,10,3,1,6,35
56162,0,2,0,0,0,8,1,0,1,1,2,0,1,3,0,0,0,14,2,2,2,1
2061,0,2,3,2,0,8,0,3,1,3,3,0,2,1,0,0,0,23,2,4,0,2
26483,0,2,4,0,0,18,0,0,1,1,1,1,0,8,12,0,0,25,2,1,0,0
60768,0,3,3,1,0,17,0,0,2,1,2,0,3,8,0,0,0,20,3,3,0,0
76070,0,2,4,1,0,10,0,0,1,0,1,0,2,3,0,0,0,16,2,2,0,8
72507,0,1,3,0,0,10,0,0,1,4,0,2,0,6,0,0,0,20,1,4,0,8
63995,0,0,0,0,0,3,0,0,0,0,0,0,0,0,1,0,0,16,0,1,1,8
36727,0,3,3,0,0,7,0,0,0,0,1,0,0,3,0,0,0,15,2,1,5,4
33357,0,1,3,2,0,20,0,1,2,2,0,0,2,11,0,0,1,15,1,8,1,29
68247,0,3,3,0,0,12,0,0,1,0,1,0,0,11,0,0,0,32,2,3,12,17
23785,0,1,4,3,0,18,0,0,2,2,5,2,5,4,0,0,0,11,1,9,4,1
45066,0,3,5,0,0,21,0,0,2,0,0,0,0,10,4,0,2,17,3,2,9,8
80910,0,1,1,0,0,6,0,0,1,0,0,0,0,1,1,0,0,4,0,2,0,2
83492,0,1,0,0,0,4,0,1,0,0,0,0,1,3,0,0,0,7,1,2,3,3
76556,0,2,1,1,0,10,0,0,1,0,1,0,1,2,0,0,0,10,1,2,11,14
85858,0,2,1,0,0,24,1,0,2,0,0,0,1,5,14,0,0,13,2,3,2,8
22695,0,0,0,0,0,9,0,0,2,1,2,0,1,4,1,0,0,8,0,4,0,1
88755,0,3,1,0,0,11,0,0,1,0,0,0,0,5,0,0,0,11,3,2,2,15
91839,0,5,3,2,0,18,0,3,1,4,4,0,7,12,0,0,0,24,3,9,1,0
97872,0,36,0,11,0,72,0,10,2,4,1,3,8,3,1,0,0,40,9,24,1,7
14293,0,1,4,1,0,8,0,0,1,3,0,0,1,6,1,0,0,34,1,3,0,0
21146,0,3,2,0,0,28,0,0,1,0,0,0,1,7,22,0,0,27,3,1,0,1
6205,0,3,6,0,0,12,0,0,1,1,0,0,0,10,0,0,1,15,3,1,0,0
46004,0,2,1,0,0,17,1,0,1,1,1,0,0,11,0,0,0,11,1,3,0,0
36207,0,14,3,7,0,28,0,6,1,0,5,2,0,7,90,0,0,39,7,12,6,3
38690,0,2,0,0,0,7,0,0,1,0,0,0,0,2,0,0,0,4,0,2,4,3
44646,0,0,1,0,0,9,0,0,1,0,1,0,1,5,1,0,0,8,0,3,10,2
62344,0,2,3,0,0,9,0,0,1,0,2,0,1,2,0,0,1,18,1,2,6,3
96067,0,2,2,0,0,14,0,0,2,0,1,0,1,4,0,0,1,9,0,4,7,20
25410,0,2,3,0,0,16,0,0,2,2,1,0,3,8,3,0,1,24,2,4,2,0
27696,0,3,4,0,0,19,0,0,2,2,0,0,0,11,4,0,0,33,3,3,9,6
80746,0,3,1,0,0,10,2,0,1,2,2,0,3,5,0,0,0,11,3,6,2,3
15509,0,4,5,1,0,17,0,0,2,0,2,0,0,14,0,0,0,20,3,4,9,8
12559,0,7,3,1,0,25,1,2,2,2,1,0,2,8,0,0,0,25,4,6,4,2
55124,0,3,7,0,0,14,0,0,2,0,2,0,3,5,0,0,0,34,3,5,0,3
27357,0,1,0,1,0,7,0,0,1,1,0,0,0,5,0,0,0,7,0,2,1,2
80252,0,0,2,0,0,9,0,0,1,0,1,0,1,1,0,0,0,8,0,2,1,1
77999,0,10,0,0,0,40,0,2,1,0,0,1,1,1,12,0,0,7,1,12,2,2
9529,0,1,7,0,0,14,0,0,2,0,1,0,1,4,1,0,1,29,1,4,1,9
96141,0,5,2,0,0,8,0,0,0,0,1,1,1,7,1,0,0,25,4,3,1,0
91398,0,7,1,0,0,16,0,0,1,2,1,0,2,12,0,0,0,18,7,2,0,0
41768,0,1,4,1,0,4,0,0,0,0,2,0,1,6,1,0,0,12,1,2,10,11
66987,0,8,11,0,0,14,1,0,1,0,5,0,1,8,0,0,0,30,6,4,1,1
38388,3,3,6,0,0,29,0,0,1,0,1,0,1,6,0,0,0,25,3,1,0,1
55331,0,12,6,2,0,22,0,5,1,20,3,0,1,6,4,0,0,13,3,3,0,2
46277,0,1,2,1,0,6,0,0,1,0,1,0,1,2,0,0,0,10,0,3,2,1
62993,0,1,3,1,0,10,0,0,1,0,0,0,1,5,0,0,0,12,0,2,0,0
48137,0,5,3,0,0,9,0,1,0,3,1,0,1,1,0,0,0,15,3,1,2,1
73737,0,5,3,1,0,14,0,0,1,0,4,0,0,5,2,0,0,22,0,2,2,1
61049,0,3,4,4,0,18,1,0,2,2,0,0,2,8,0,0,0,20,3,11,0,0
86001,0,2,2,1,0,10,0,2,2,0,1,0,0,4,4,0,0,11,1,3,0,1
74739,0,3,3,0,0,20,0,0,2,1,1,0,0,5,1,0,1,44,1,5,6,0
33383,0,0,1,0,0,8,0,0,1,0,3,0,0,2,0,0,0,8,0,2,3,11
93117,0,5,5,0,0,14,0,0,1,0,0,0,0,4,0,0,0,19,1,3,6,7
85187,0,0,2,0,0,3,0,0,0,0,5,0,1,2,0,0,0,12,0,1,2,11
47902,0,3,7,0,0,13,0,0,1,0,1,0,0,8,4,0,1,21,3,2,4,7
51905,0,8,4,0,0,13,0,0,1,1,4,0,0,11,1,0,0,11,0,2,4,9
46988,0,2,1,1,0,16,0,1,2,1,1,0,0,10,3,0,1,11,0,4,6,2
56977,0,3,4,0,0,17,0,0,2,1,1,0,2,14,0,0,1,15,3,2,6,0
41247,0,0,2,0,0,6,0,0,1,0,2,0,0,5,2,0,0,6,0,2,2,1
19450,0,1,5,0,0,14,0,0,1,2,1,0,1,13,1,0,0,12,1,3,0,0
98255,0,3,3,1,0,16,0,3,1,2,1,3,0,2,6,0,0,24,1,11,1,9
68462,1,0,2,0,0,17,1,0,1,0,0,0,0,6,0,0,1,27,0,3,9,5
54239,0,1,1,0,0,6,0,3,1,0,1,0,0,2,0,0,0,9,0,2,3,0
50969,0,4,1,0,0,7,0,0,0,0,0,0,1,4,0,0,0,9,3,2,11,4
20865,0,3,2,4,0,11,0,0,2,1,3,1,0,5,1,0,0,26,2,7,16,8
69930,0,3,2,0,0,10,0,0,1,0,1,0,0,4,0,0,0,12,1,2,10,3
57885,0,1,0,0,0,5,0,0,0,0,0,0,0,3,0,0,0,3,0,1,1,2
3623,0,26,3,0,0,47,0,39,1,35,0,11,0,10,20,0,0,19,10,7,0,1
91177,0,8,3,0,0,15,0,0,1,1,0,0,1,3,0,0,0,17,5,3,4,2
99910,0,6,3,1,0,34,0,0,2,0,2,0,0,8,1,0,0,40,2,11,0,0
7619,0,1,1,0,0,6,0,0,0,0,1,0,0,5,0,0,0,14,0,1,5,1
58796,0,2,4,0,0,13,0,0,1,0,1,0,1,4,0,0,1,14,1,2,0,0
58629,0,0,4,0,0,9,0,1,1,1,1,0,2,6,0,0,1,14,0,2,1,30
4680,0,0,2,0,0,3,0,0,0,0,0,0,1,2,0,0,0,3,0,1,0,1
410,0,1,6,0,0,9,1,0,2,0,2,2,1,5,0,0,0,15,1,10,12,7
24116,0,3,4,0,0,11,0,0,2,0,1,0,0,6,0,0,0,16,3,4,0,0
95557,0,2,2,0,4,18,0,0,2,0,0,0,0,13,1,0,1,25,2,3,0,0
86876,0,25,7,0,0,57,0,18,1,25,0,2,0,11,58,0,0,58,3,1,8,4
71804,0,2,5,0,0,5,0,0,0,0,3,0,0,4,0,0,0,14,2,1,4,1
4439,0,1,1,1,0,9,0,0,0,2,0,0,0,11,0,0,0,11,1,1,2,0
58681,0,0,1,0,0,3,0,0,0,0,2,0,0,3,1,0,0,3,0,1,1,0
20734,0,2,2,0,0,19,0,2,1,5,2,0,5,2,1,0,0,33,2,8,0,1
34418,0,6,4,2,0,36,1,0,2,2,1,0,3,15,3,0,0,20,5,11,0,0
37017,0,1,2,2,0,17,2,0,1,0,1,0,2,10,3,0,1,18,1,7,0,2
53450,0,3,4,0,0,11,0,0,1,0,1,0,1,7,0,0,0,11,2,2,6,8
21699,1,0,4,0,0,8,0,0,0,0,4,0,1,2,0,0,0,14,0,1,1,2
67497,0,6,12,1,0,13,0,0,1,1,1,2,1,14,1,0,0,20,6,4,0,0
12068,0,1,1,0,0,7,0,0,1,0,0,0,0,2,0,0,0,7,0,2,4,0
64354,0,3,8,0,0,19,0,3,1,1,2,0,3,13,6,0,0,25,3,5,0,10
73773,0,1,3,1,0,9,0,0,1,0,1,0,1,2,0,0,1,14,1,3,2,3
54455,0,1,0,0,0,15,1,0,2,0,0,0,1,7,3,0,0,8,1,3,0,1
46125,0,2,3,0,0,5,0,0,0,0,1,0,1,9,2,0,0,12,2,1,1,6
78950,0,3,1,0,0,10,0,0,1,0,1,0,2,3,0,0,0,15,1,3,0,0
59353,1,0,2,0,0,8,0,0,0,0,0,0,0,2,0,0,0,6,0,1,0,14
73868,0,1,1,2,0,10,0,0,1,1,1,0,3,2,0,0,0,10,0,3,4,6
6263,0,4,3,0,0,12,1,0,2,0,1,0,1,4,0,0,0,15,4,3,0,3
8254,1,0,5,0,0,9,0,0,0,0,3,0,0,1,0,0,0,13,0,1,1,1
24996,0,3,1,0,0,16,0,2,1,1,2,0,0,11,2,0,0,25,0,3,6,12
86301,0,4,3,1,0,20,0,6,2,0,2,0,0,9,8,0,0,22,3,7,0,3
6998,0,7,7,1,0,21,0,2,1,1,8,0,1,8,2,0,2,34,5,5,4,2
25026,0,2,0,3,0,21,0,1,2,4,2,6,4,8,0,0,1,16,2,7,17,9
75057,0,9,9,0,0,26,0,0,1,0,1,0,1,30,0,0,0,38,9,3,6,1
30806,0,1,2,0,0,5,0,0,0,1,0,0,1,2,0,0,0,9,1,2,0,4
35824,0,1,2,0,1,12,0,0,1,0,0,0,1,2,0,0,0,27,1,1,0,1
38280,0,2,5,0,1,5,0,0,0,0,3,0,0,4,0,0,0,9,2,1,6,19
56656,0,7,0,1,0,19,1,0,2,1,1,0,1,5,0,0,0,14,5,4,4,6
31718,1,0,0,0,0,8,0,0,0,0,1,0,0,1,0,0,0,8,0,1,11,25
1731,0,4,4,0,0,10,0,0,0,0,0,0,0,2,0,0,0,13,4,1,0,0
4664,0,3,2,0,0,14,0,1,1,0,4,0,0,6,3,0,0,29,3,2,5,0
61079,0,0,1,0,0,8,0,1,2,0,1,0,0,3,2,0,0,11,0,2,2,4
23815,0,3,3,0,0,10,1,1,1,3,3,3,1,6,0,0,0,24,3,2,0,8
40463,0,6,3,0,0,11,0,0,1,0,1,0,0,9,0,0,0,10,1,1,0,0
21466,0,7,5,1,0,27,0,0,2,6,1,0,2,9,0,0,1,27,5,5,0,25
34621,0,3,2,0,0,10,0,1,1,0,1,0,1,2,3,0,0,28,1,2,6,15
23215,0,0,4,0,0,3,0,0,0,0,1,0,0,2,0,0,0,4,0,1,2,2
18469,0,4,1,1,0,12,0,1,1,2,1,0,2,3,0,0,0,16,2,2,0,1
24807,0,1,1,0,0,6,0,0,0,0,1,0,1,5,0,0,0,9,1,1,0,0
12620,0,2,5,0,0,14,0,2,1,0,2,0,1,6,3,0,1,22,2,3,8,22
11465,0,4,5,1,0,12,0,0,1,1,1,0,2,2,0,0,0,30,2,4,1,0
87445,0,2,4,0,0,39,0,0,1,0,6,0,1,11,16,0,0,24,2,4,1,2
28611,0,0,5,0,0,3,0,0,0,0,2,0,0,1,0,0,0,6,0,1,0,6
13756,0,0,1,0,0,8,0,0,0,0,1,0,0,7,0,0,0,3,0,1,0,1
31779,1,2,3,0,0,42,0,0,1,0,0,0,1,11,2,0,0,31,1,2,2,3
22408,0,1,3,1,0,8,0,0,1,1,7,0,2,4,0,0,0,14,1,2,0,0
21477,0,1,0,0,0,6,0,0,1,2,1,0,0,0,1,0,0,12,0,3,1,6
57409,0,0,0,2,0,9,2,0,1,0,1,0,3,0,0,0,0,21,0,5,2,1
61946,0,3,3,0,0,6,0,1,0,0,4,0,1,3,4,0,0,35,3,1,0,9
83439,0,5,5,1,0,9,0,0,1,0,0,0,0,4,0,0,0,16,3,2,2,13
70628,0,2,1,0,0,14,0,0,2,0,1,0,1,11,2,0,0,13,0,5,5,1
39961,0,0,1,0,0,4,0,0,0,0,0,0,1,2,1,0,0,11,0,1,0,3
10396,0,0,3,0,0,3,0,0,0,0,4,0,1,1,0,0,0,9,0,1,2,0
37622,0,5,8,0,0,24,0,0,1,0,3,0,0,9,0,0,0,21,4,6,3,3
85085,0,7,6,0,0,10,0,2,0,6,3,0,1,1,0,0,0,10,3,1,0,2
61161,0,10,2,1,0,24,1,1,2,2,2,0,0,8,1,0,0,36,5,6,1,5
23405,0,2,2,0,0,8,1,0,1,0,0,0,0,3,1,0,0,14,2,2,2,2
11132,0,0,1,0,0,8,0,0,1,1,0,0,2,2,0,0,0,3,0,2,3,3
46190,0,0,1,0,0,3,0,1,0,0,0,0,0,0,2,0,0,15,0,1,0,0
56430,0,0,1,0,0,7,0,0,0,0,3,0,1,4,0,0,0,6,0,1,6,13
82842,1,2,7,0,0,18,0,0,1,3,2,0,1,4,0,0,0,31,2,2,1,6
49221,0,0,1,1,0,12,0,0,1,0,1,0,1,3,3,0,0,11,0,3,0,1
79756,0,4,3,1,0,17,0,0,2,0,2,0,0,9,0,0,0,21,2,3,8,4
38566,0,17,4,0,0,35,0,1,2,9,1,13,1,9,2,0,2,13,3,7,0,6
12409,0,1,1,0,0,11,0,0,2,1,2,0,0,4,1,0,1,17,1,4,2,1
53154,0,10,10,0,0,18,0,1,1,1,1,0,0,13,6,0,0,35,2,2,12,35
48352,0,1,2,0,0,9,0,0,0,2,2,0,1,6,0,0,0,18,1,2,0,0
61080,0,6,3,1,0,22,0,0,2,1,2,0,2,9,0,0,0,28,0,5,10,9
88200,0,2,0,2,0,8,0,0,2,0,0,0,0,1,0,0,0,10,0,3,0,0
68723,0,7,2,1,0,21,0,1,1,2,2,1,2,11,5,0,1,15,5,4,2,9
67222,1,1,4,0,0,16,0,0,1,1,0,0,1,5,0,0,1,21,1,2,0,0
46261,0,7,6,0,0,25,0,4,2,0,1,0,2,7,7,0,2,22,6,5,18,13
19940,0,1,2,0,0,6,0,0,1,0,0,0,0,3,0,0,0,6,1,3,1,4
55132,0,3,4,4,0,31,0,6,2,4,3,0,1,11,14,0,0,24,3,8,4,2
83731,0,7,1,1,0,16,0,0,2,1,1,0,1,2,0,0,0,16,3,3,0,11
46561,0,4,6,2,0,21,0,0,2,0,2,0,3,7,11,0,0,23,4,5,4,3
35401,0,4,1,3,0,10,0,0,1,1,1,0,0,5,0,0,0,26,0,7,0,0
47545,0,0,0,0,0,6,0,0,1,0,0,0,0,2,0,0,0,6,0,2,0,1
62371,0,3,4,7,0,23,0,1,2,2,0,0,5,7,3,0,0,19,3,8,3,15
48893,0,5,1,0,0,24,0,0,2,0,2,0,0,8,7,0,0,12,3,4,1,0
56686,0,0,3,0,0,10,1,0,1,0,2,1,0,6,0,0,0,17,0,3,2,7
39542,4,19,9,0,0,109,0,0,1,9,1,0,0,23,49,0,0,44,15,1,1,0
55494,1,12,9,0,1,43,0,0,1,1,1,0,0,21,1,0,1,61,6,4,33,28
30717,0,1,2,0,0,6,0,0,1,0,1,0,0,1,0,0,0,11,0,2,4,0
83793,0,1,2,0,0,7,0,0,1,4,1,0,0,2,0,0,0,9,0,3,1,13
93050,0,30,0,0,0,44,0,0,1,0,1,0,0,1,0,0,0,11,0,6,1,3
74012,0,2,3,0,0,10,0,0,2,0,0,1,2,9,0,0,0,20,2,5,1,3
69470,0,1,5,0,0,4,0,0,0,0,6,0,1,4,0,0,0,8,1,1,9,27
9595,1,1,6,0,0,10,0,0,0,0,2,0,1,3,0,0,0,15,1,1,1,5
16112,0,1,2,0,0,4,0,0,0,0,1,0,1,0,0,0,0,1,0,1,0,0
14237,0,1,1,0,0,16,0,4,1,2,1,0,0,9,14,0,0,31,1,3,6,1
87916,0,1,1,0,0,4,0,0,0,0,1,0,0,2,0,0,0,6,1,1,3,3
50846,0,11,16,1,0,22,0,0,1,0,1,0,1,5,2,0,0,34,10,2,0,0
81340,0,1,1,0,0,8,0,0,1,0,1,0,0,0,1,0,0,12,0,2,3,5
54732,0,0,8,0,0,8,0,0,0,0,3,0,0,2,0,0,0,17,0,1,0,1
92856,0,0,0,0,0,5,0,1,0,0,0,0,0,4,1,0,0,20,0,1,2,3
74640,0,8,2,0,0,27,2,3,2,3,0,0,0,15,7,0,0,39,7,4,5,2
83144,0,0,2,0,0,14,0,0,1,0,2,0,0,13,6,0,0,23,0,4,0,4
10912,0,2,3,1,0,11,0,0,1,0,2,0,0,11,0,0,0,19,1,2,0,0
16855,0,9,10,0,0,25,1,3,1,0,1,0,1,16,7,0,1,30,9,3,3,2
86456,0,0,4,0,0,6,0,0,0,2,5,0,1,7,0,0,0,13,0,3,0,0
50698,0,3,1,0,0,10,0,0,1,0,1,0,1,2,0,0,0,13,1,2,0,1
81958,0,4,4,0,0,9,0,0,0,0,1,0,1,6,0,0,0,23,4,1,0,7
33566,0,4,7,0,0,17,1,0,1,0,3,1,0,12,6,0,0,28,4,2,0,1
97150,1,1,7,8,0,51,0,0,1,4,3,0,1,6,0,0,0,31,1,9,0,0
74652,0,3,3,0,0,11,0,0,1,0,1,0,0,2,0,0,0,13,1,3,9,14
28642,0,3,4,0,0,8,0,0,0,2,0,0,0,7,0,0,0,15,3,1,1,2
58530,1,10,12,1,0,39,0,0,1,1,1,0,0,22,0,0,0,42,5,4,4,1
26435,0,1,0,0,0,8,0,0,1,1,0,0,1,2,0,0,0,8,1,2,0,1
77909,0,0,1,0,0,4,0,0,0,0,2,0,1,2,0,0,0,7,0,1,27,50
80874,0,2,0,1,0,7,0,1,1,0,1,0,0,2,1,0,0,17,0,2,2,1
83943,0,1,1,0,0,14,0,5,1,1,1,0,0,4,29,0,1,39,0,2,8,7
61383,0,3,2,0,0,14,0,0,2,4,0,0,2,7,3,0,1,20,3,3,2,2
57200,0,2,3,0,0,9,0,0,1,0,1,0,2,3,0,0,0,8,1,2,3,3
61368,0,1,7,0,0,16,0,0,1,0,1,2,1,4,3,0,0,26,1,3,0,0
48966,0,1,3,0,0,7,0,0,1,0,1,0,2,6,0,0,0,5,1,2,0,1
70966,0,4,2,0,0,30,1,0,2,0,0,0,0,8,3,0,1,26,1,7,0,0
94070,0,3,0,0,0,9,0,0,2,0,1,1,0,2,0,0,0,10,0,4,6,2
38302,0,3,7,2,0,11,0,0,2,0,3,0,1,6,0,0,0,14,2,4,1,0
60546,0,1,1,0,0,5,0,0,0,0,0,0,1,2,0,0,0,11,0,3,2,2
4982,0,1,5,0,0,10,0,0,1,0,3,0,0,5,2,0,0,15,1,2,0,2
26583,0,0,1,0,0,5,0,0,1,0,3,0,0,2,0,0,0,9,0,2,3,15
33189,0,0,4,0,0,8,0,0,1,0,0,0,1,2,1,0,1,11,0,2,0,4
94478,0,10,4,0,0,24,0,3,1,1,1,9,0,18,2,0,0,41,8,2,7,20
9247,0,1,2,1,0,9,0,0,1,0,2,0,1,3,0,0,0,11,1,2,0,1
95548,0,0,1,1,0,13,0,0,1,1,0,0,0,6,0,0,0,2,0,2,0,0
72683,0,0,1,0,0,7,0,1,1,0,2,0,0,3,1,0,0,8,0,2,0,2
12846,0,6,2,0,0,15,0,1,1,3,0,0,0,7,3,0,0,17,2,1,22,24
80487,0,8,2,0,0,21,0,1,1,1,1,0,0,14,0,0,0,15,8,4,0,1
47741,0,4,2,0,0,8,0,0,0,0,3,0,1,12,1,0,0,19,4,1,2,10
14401,0,0,1,0,0,21,0,2,1,3,0,0,0,12,0,0,0,17,0,3,24,25
77671,0,0,0,0,0,27,0,0,2,0,0,0,0,7,5,0,3,24,0,6,23,2
25075,0,4,1,0,0,15,0,0,1,0,1,0,2,8,0,0,1,20,4,3,11,23
93860,0,9,1,0,0,23,2,7,1,15,2,6,1,1,0,0,0,14,5,7,2,0
46202,0,1,3,0,0,4,0,0,0,0,1,0,0,2,0,0,0,9,1,1,0,2
34904,0,1,2,0,0,6,0,0,0,0,2,0,1,4,0,0,0,8,1,1,1,1
29515,0,5,4,0,0,18,0,2,1,7,1,1,0,9,0,0,0,12,4,3,8,4
48846,0,0,1,0,0,11,0,1,2,2,2,2,0,4,0,0,0,20,0,5,3,4
68374,0,12,2,1,0,22,1,8,1,12,2,3,0,1,0,0,0,25,2,4,1,0
85923,0,1,2,0,0,9,1,0,2,0,1,0,2,2,0,0,0,12,1,4,0,1
49196,0,5,5,1,0,15,1,0,2,0,2,0,0,10,0,0,0,18,2,3,0,0
30584,0,3,2,5,0,19,0,0,2,1,2,0,2,5,0,0,0,12,2,6,3,1
92613,0,0,1,1,0,13,0,0,1,4,1,1,3,0,0,0,0,12,0,4,2,2
47035,0,2,0,0,0,20,1,0,2,0,2,1,1,2,0,0,1,15,1,5,9,6
1644,0,3,6,0,0,22,0,0,1,0,1,0,0,11,0,0,2,22,3,4,10,2
87554,0,2,2,0,0,15,2,0,2,0,1,0,0,11,0,0,0,26,0,4,21,5
75266,1,3,1,0,0,32,1,0,1,1,3,0,0,2,0,0,0,16,2,2,3,10
824,0,0,1,0,0,21,0,0,1,0,0,0,4,6,0,0,0,12,0,6,2,1
49049,0,3,0,0,0,13,1,1,1,1,0,0,1,12,3,0,0,10,3,3,2,4
73008,0,1,1,0,0,6,0,0,0,0,1,0,1,2,0,0,0,9,0,1,4,0
11141,0,0,4,0,0,3,0,0,0,0,1,0,1,2,0,0,0,8,0,1,19,33
28697,0,5,4,0,0,21,1,0,2,5,1,2,2,8,1,0,0,22,4,4,0,0
62463,0,5,6,0,0,11,0,0,1,1,0,0,0,12,1,0,0,23,5,1,33,44
90802,0,0,4,3,0,35,0,1,1,0,2,1,16,13,1,0,0,24,0,18,11,4
69421,0,5,2,1,0,26,1,0,2,6,0,1,4,8,0,0,0,18,3,9,1,0
18827,0,0,3,0,0,8,0,0,0,0,0,0,0,6,1,0,0,12,0,1,0,11
6616,0,1,1,0,0,10,0,0,2,0,0,0,0,4,0,0,1,11,0,3,0,0
99442,0,8,0,0,0,15,1,2,2,9,0,0,0,7,2,0,0,8,6,3,0,1
9936,0,10,4,0,0,24,1,1,2,2,0,0,1,8,3,0,1,31,8,5,0,0
33497,0,0,1,0,0,3,0,0,0,0,0,0,0,1,0,0,0,3,0,1,1,0
86797,0,4,2,0,0,12,1,0,2,1,0,0,0,8,0,0,0,9,4,3,6,1
28942,0,3,5,1,0,19,1,1,2,0,2,0,0,7,3,0,0,21,3,5,2,9
35611,0,3,4,1,0,7,0,0,0,0,1,0,1,2,0,0,0,10,2,3,5,0
35088,0,5,2,2,0,13,1,1,2,1,1,0,3,4,0,0,0,13,5,6,0,0
10040,0,1,0,0,0,10,0,0,1,0,1,0,1,6,0,0,0,6,0,2,7,2
70641,0,1,0,0,0,15,0,0,1,0,1,1,3,3,0,0,0,8,1,6,4,6
76971,0,4,3,0,0,15,1,2,1,2,2,0,3,7,2,0,0,26,3,6,0,2
49458,0,1,3,0,0,11,0,0,1,0,2,0,2,10,0,0,0,13,1,2,3,3
42674,0,9,2,0,0,34,1,2,2,3,1,1,6,9,2,0,2,28,7,7,3,2
67065,0,2,4,0,0,12,0,1,1,0,0,0,3,4,6,0,0,14,2,5,1,0
98821,0,3,1,1,0,8,0,0,1,2,1,0,0,6,0,0,0,9,3,4,0,5
47669,0,3,0,1,0,14,0,0,1,0,0,0,1,3,4,0,0,7,2,2,0,0
95969,0,21,1,1,0,31,0,1,1,0,1,0,1,4,21,0,0,42,0,23,0,2
40929,0,1,2,3,0,4,0,0,0,1,1,1,1,4,0,0,0,13,1,2,1,0
34982,0,3,3,0,0,11,0,0,1,0,2,0,1,3,0,0,0,14,1,3,2,1
50955,0,11,2,0,0,14,0,0,1,0,4,0,0,7,0,0,0,29,3,1,1,6
28223,0,1,2,0,0,9,1,0,2,0,0,0,1,3,1,0,0,8,1,3,0,1
42604,0,2,4,0,0,11,1,0,2,0,4,0,1,6,0,0,0,14,2,4,5,40
12831,0,2,5,0,0,11,0,9,1,7,3,2,1,2,0,0,0,12,2,2,3,2
36119,0,5,6,1,0,13,0,1,1,0,1,0,0,5,2,0,0,34,3,2,7,2
11312,0,0,1,1,0,9,1,0,2,0,1,0,3,3,0,0,0,12,0,4,13,37
46085,0,0,0,0,0,9,0,0,1,1,1,0,0,5,2,0,0,14,0,4,3,0
63840,0,3,5,0,0,5,0,0,0,0,2,0,0,0,1,0,0,9,0,1,1,0
82067,0,4,2,0,0,8,0,0,0,0,1,0,0,4,5,0,0,8,0,1,2,8
58677,0,4,0,0,0,10,0,0,0,0,0,0,0,6,0,0,0,17,0,1,0,0
86918,5,3,9,0,0,77,0,0,1,0,1,0,0,4,6,0,0,47,3,1,13,8
12914,0,0,3,0,0,3,0,0,0,0,2,0,0,2,0,0,0,4,0,1,0,1
91784,0,0,1,0,0,4,0,0,0,0,1,0,1,2,0,0,0,7,0,1,0,7
58192,0,5,1,0,0,8,0,1,0,0,3,0,0,3,0,0,0,9,0,1,1,0
89302,0,2,1,1,0,7,0,0,1,0,1,0,0,3,0,0,0,7,0,2,3,0
44656,0,7,6,1,0,16,0,3,1,0,2,0,0,9,7,0,1,19,5,3,12,5
71018,0,0,4,0,0,16,0,2,2,0,1,0,2,4,4,0,1,23,0,4,8,2
18120,2,7,9,0,0,42,0,0,1,0,1,0,0,22,0,0,0,51,7,1,24,7
4837,0,1,4,0,0,5,0,0,0,0,1,0,0,12,3,0,0,38,1,1,0,1
91849,0,0,1,0,0,8,0,0,0,0,0,0,0,2,10,0,0,3,0,1,0,6
48532,0,1,1,0,0,7,0,0,1,0,2,0,2,3,0,0,0,9,1,2,5,5
23442,0,2,3,2,0,8,0,0,1,0,1,1,2,6,2,0,0,13,2,3,1,0
54187,0,5,3,0,0,16,2,0,2,1,0,0,1,3,0,0,0,12,4,4,2,3
87305,0,6,2,1,0,16,1,0,1,1,3,0,1,10,1,0,0,14,5,5,0,2
65694,1,1,6,0,0,9,0,0,0,0,1,0,1,2,0,0,0,9,1,1,4,0
69567,0,4,5,0,0,10,0,0,1,0,1,2,1,2,0,0,0,19,4,3,1,4
47020,4,0,9,0,0,46,0,0,1,0,2,0,0,1,0,0,0,46,0,3,2,0
69463,0,2,2,0,0,16,0,0,2,0,0,0,1,7,1,0,0,13,2,4,0,2
86189,0,0,3,0,0,10,0,1,1,0,2,0,1,7,3,0,1,10,0,2,4,1
39676,0,3,3,0,0,11,0,0,1,1,2,0,2,5,0,0,1,12,3,2,0,0
21472,0,3,3,0,0,17,0,0,1,0,1,0,0,11,0,0,0,29,1,2,7,1
44413,0,0,0,0,0,11,0,1,2,0,3,0,0,5,2,0,0,20,0,3,78,27
4272,0,2,1,0,0,25,0,1,2,0,2,0,1,9,2,0,2,22,0,10,32,36
98010,0,0,1,0,0,3,0,0,0,0,0,0,1,0,0,0,0,7,0,1,6,18
28847,0,5,8,0,0,12,0,0,1,0,2,0,1,6,1,0,0,38,3,2,8,8
97604,1,3,4,0,0,16,1,0,2,0,1,0,1,7,0,0,0,14,2,3,0,4
53131,0,1,0,0,0,17,1,0,1,1,0,0,0,10,5,0,1,23,1,5,5,3
54509,0,1,0,0,0,8,0,0,1,0,4,0,0,3,0,0,1,9,1,2,3,13
8666,0,2,1,1,0,11,0,0,1,0,0,0,1,4,2,0,0,16,1,2,6,23
75977,0,1,4,0,0,4,0,0,0,0,2,0,1,3,1,0,0,12,1,1,0,7
84573,1,5,10,1,0,27,0,0,1,0,2,0,1,13,0,0,0,36,5,2,0,1
81317,0,2,5,0,0,8,0,0,1,0,2,0,1,2,1,0,0,11,1,2,0,3
73243,0,1,1,0,0,24,0,0,2,0,2,0,1,8,6,0,0,10,1,4,5,4
81598,0,1,1,2,0,19,0,0,1,0,1,1,6,1,0,0,0,9,1,6,1,8
70807,0,0,1,0,0,4,0,0,0,0,0,0,0,2,1,0,0,10,0,1,3,3
38551,0,4,5,1,0,8,0,0,0,1,0,0,0,5,1,0,0,19,4,1,1,17
44022,0,5,9,1,5,13,0,1,1,0,2,0,1,15,6,0,0,24,3,3,0,0
67577,0,0,2,0,0,5,0,0,0,0,1,0,0,1,0,0,0,4,0,1,0,0
35650,0,5,1,4,0,18,1,0,2,1,0,0,1,2,0,0,0,9,2,7,1,0
78119,0,2,2,0,0,5,0,8,0,0,3,2,1,2,0,0,0,20,2,1,2,3
31371,0,3,0,0,0,6,0,9,0,6,3,6,1,2,0,0,0,10,3,2,2,0
8264,3,2,2,0,0,22,0,0,1,0,0,0,0,6,0,0,0,18,2,1,2,1
86335,0,0,0,0,0,5,0,0,0,0,0,0,0,1,0,0,0,7,0,3,0,3
83138,0,4,7,0,0,14,0,0,1,2,3,0,1,6,5,0,0,16,4,3,0,3
56819,0,1,4,0,0,5,0,0,0,0,2,0,1,2,0,0,0,9,1,1,1,2
54041,0,1,3,1,0,10,0,0,2,0,1,0,1,4,0,0,0,12,1,3,11,5
40667,0,7,5,0,0,27,2,1,1,0,1,0,2,14,2,0,0,26,7,5,8,11
90660,0,2,3,0,0,11,0,2,1,0,1,0,0,10,2,0,0,45,2,3,20,47
260,0,2,3,0,0,13,0,2,1,0,0,0,0,10,5,0,0,24,2,5,0,1
76972,0,2,1,1,0,7,0,1,1,0,1,0,1,2,1,0,0,12,1,2,5,2
7116,0,4,2,0,0,18,0,1,1,0,0,0,1,5,9,0,0,10,3,2,0,1
63259,0,1,2,0,0,5,0,0,0,0,0,0,0,2,0,0,0,7,1,1,34,38
60698,0,1,0,1,0,9,0,0,1,0,2,0,0,5,0,0,0,5,0,2,1,1
60722,0,7,5,0,0,24,2,2,1,0,2,0,0,20,7,0,0,29,7,3,2,3
62078,0,3,4,0,0,17,0,1,1,0,1,0,4,4,1,0,0,20,2,5,4,0
7979,0,1,3,1,0,12,1,1,2,2,3,0,1,3,2,0,1,21,1,5,2,4
49531,0,0,1,0,0,3,0,0,0,0,1,0,0,3,0,0,0,6,0,1,2,4
66831,1,2,2,0,0,30,0,0,1,0,1,0,0,2,1,0,0,49,1,2,0,0
94408,0,0,1,0,0,12,0,0,1,5,1,0,0,5,0,0,0,13,0,2,2,1
60989,0,7,2,2,0,10,0,0,0,6,2,0,0,6,8,0,0,21,0,1,4,0
85185,0,2,5,0,0,6,0,0,0,0,1,0,0,4,0,0,0,12,2,1,3,1
13691,0,5,2,2,0,14,0,5,1,2,3,0,1,12,1,0,0,25,0,3,1,10
58760,0,0,2,0,0,6,0,0,1,0,0,0,2,2,0,0,0,5,0,2,4,4
53186,1,0,2,0,0,11,0,0,1,0,0,0,0,8,0,0,0,19,0,1,0,0
40183,0,4,1,0,0,9,1,1,1,2,1,0,1,3,0,0,0,16,3,2,2,5
89639,0,3,1,0,0,10,0,0,2,2,1,0,0,2,0,0,0,15,1,3,2,1
67209,0,2,6,0,0,40,0,0,1,0,1,0,11,13,0,0,0,12,2,12,9,87
70645,0,4,4,0,0,20,0,0,1,2,2,0,0,25,0,0,0,11,4,2,5,7
26129,0,0,1,0,0,3,0,0,0,0,8,0,0,2,2,0,0,11,0,1,1,14
3709,0,5,3,0,0,9,0,0,0,0,1,0,0,5,0,0,0,13,1,1,0,1
6561,0,2,1,1,0,5,0,0,0,0,1,0,1,3,0,0,0,7,2,2,0,1
72192,0,5,6,0,0,31,0,1,1,0,0,0,0,11,4,0,0,41,5,5,4,6
66901,1,1,0,0,0,12,0,0,1,0,1,0,1,1,1,0,0,11,1,1,2,3
13507,0,5,6,1,0,15,0,0,2,8,4,0,0,10,0,0,0,19,5,4,11,5
18195,0,2,2,0,0,5,0,0,0,0,1,0,0,2,0,0,0,15,0,1,0,0
65508,0,0,2,0,0,5,0,0,0,0,2,0,0,2,1,0,0,14,0,2,1,1
25054,0,5,7,0,0,15,0,0,1,1,1,0,0,15,1,0,0,15,5,1,1,4
59833,0,3,1,0,0,17,0,2,2,4,0,3,4,14,3,0,0,14,2,7,28,3
58834,0,2,8,0,0,14,0,0,1,0,4,0,0,11,0,0,0,19,1,3,2,11
99784,0,3,2,1,0,17,0,0,2,2,1,1,1,3,1,0,1,16,1,6,6,2
2894,0,1,2,1,0,6,0,0,1,0,0,2,1,3,0,0,0,8,0,3,3,0
21714,0,5,3,1,0,17,0,0,1,0,2,0,2,5,0,0,0,16,2,5,7,3
4168,0,9,5,1,0,27,1,2,2,9,2,0,1,10,3,0,0,21,6,8,0,2
50131,0,3,3,2,0,16,0,1,2,3,1,2,0,9,4,0,0,16,2,6,3,2
57493,0,3,0,0,0,53,1,1,2,4,1,0,1,6,0,0,1,11,1,16,0,1
52653,1,2,0,1,0,22,1,0,1,1,1,0,1,5,0,0,1,10,2,3,10,0
35379,0,5,4,0,0,9,0,1,0,0,4,0,0,9,17,0,0,33,5,1,6,1
12020,0,3,2,0,0,8,0,4,1,2,0,2,1,0,0,0,0,16,2,2,3,0
69929,0,0,3,0,0,3,0,0,0,0,1,0,0,1,0,0,0,5,0,1,0,11
24422,0,11,4,4,0,37,0,1,1,5,0,0,2,8,2,0,1,43,3,8,4,1
74073,1,11,9,1,0,53,0,0,1,1,2,0,1,13,1,0,0,68,7,4,8,6
55959,0,3,1,0,0,9,1,0,2,1,0,1,0,3,0,0,0,15,2,3,68,78
43255,0,2,6,0,0,21,0,1,2,2,2,1,2,8,2,0,2,27,1,4,6,0
45153,0,1,0,0,0,9,0,0,1,0,2,0,0,4,1,0,0,19,1,2,13,16
88420,0,3,4,0,0,15,0,0,1,0,0,1,1,12,0,0,0,15,2,3,7,7
62122,0,5,1,0,0,15,1,1,2,0,2,0,3,7,2,0,0,23,4,4,15,7
24161,1,8,1,0,0,49,0,6,1,0,0,0,2,20,17,0,1,58,7,2,5,2
19264,0,0,2,0,0,8,1,0,2,0,1,0,2,1,0,0,0,13,0,3,2,1
45985,0,4,6,1,0,14,0,1,1,1,0,0,2,14,3,0,0,18,4,2,32,206
98856,0,4,5,0,0,20,0,0,1,0,9,0,0,8,2,0,0,15,2,5,5,2
53254,1,3,7,0,0,17,0,0,1,1,1,0,1,8,1,0,0,37,3,4,102,70
33631,0,4,3,0,0,14,0,2,1,2,2,0,2,6,1,0,0,18,2,4,1,12
79809,0,1,1,2,0,17,0,0,2,0,1,0,3,7,0,0,1,21,1,3,0,0
91342,0,0,1,0,0,25,0,1,1,0,1,0,0,4,1,0,0,9,0,7,10,20
7533,0,9,5,6,0,42,0,0,1,3,1,0,1,40,16,0,0,41,9,8,5,25
12241,0,5,1,0,0,20,0,1,2,0,1,0,0,9,1,0,1,19,3,3,0,8
43958,0,1,1,2,0,11,0,0,2,0,2,0,2,1,0,0,0,8,0,4,1,0
89384,0,1,2,1,0,9,1,0,2,0,0,0,2,3,0,0,0,11,1,3,3,3
9574,0,10,2,0,0,106,0,0,2,11,1,0,19,5,4,0,0,26,6,29,7,13
90735,0,2,1,0,0,5,0,0,0,0,1,0,1,2,0,0,0,15,2,1,0,0
51744,0,0,0,0,0,7,0,0,1,0,2,0,0,3,0,0,0,12,0,1,0,3
58572,0,0,1,0,0,3,0,0,0,0,0,0,0,1,0,0,0,2,0,1,3,14
29606,0,1,3,0,0,9,0,1,1,0,0,0,1,4,2,0,0,18,1,3,5,6
19483,0,5,3,0,0,17,1,2,1,3,2,0,0,11,0,0,0,21,5,3,6,9
54770,0,9,7,1,0,26,0,0,1,0,2,1,1,13,5,0,1,26,5,4,1,1
92817,0,1,1,0,0,15,0,0,1,2,0,0,0,2,6,0,0,14,1,6,5,19
43002,0,3,0,1,0,13,0,0,2,2,1,0,0,2,0,0,0,13,0,6,0,1
77914,0,3,4,0,0,9,0,0,1,0,1,0,0,1,0,0,0,12,0,2,11,9
96868,0,1,1,2,0,7,0,0,1,2,2,0,2,3,0,0,0,7,1,3,0,4
51184,0,4,4,1,0,13,0,0,1,0,2,0,2,11,0,0,0,10,2,3,4,3
90454,0,0,1,0,0,3,0,0,0,0,1,0,1,3,0,0,0,9,0,1,1,7
71328,0,4,7,0,0,18,0,0,2,0,3,0,1,8,4,0,1,23,2,3,2,5
9075,0,4,2,0,0,11,0,1,1,1,0,0,0,4,3,0,0,19,4,2,15,3
94385,0,2,0,1,0,12,0,0,1,0,1,0,2,7,0,0,0,11,0,4,0,0
49443,0,6,4,0,0,12,0,0,1,0,3,0,0,2,2,0,0,17,1,2,7,3
63110,0,3,4,0,0,15,0,0,1,0,2,0,1,6,0,0,0,22,3,2,0,1
28915,0,0,2,0,0,3,0,0,0,0,1,0,1,3,0,0,0,6,0,1,7,18
19090,0,0,1,0,0,5,1,0,1,0,0,0,0,2,0,0,0,5,0,2,2,16
57632,2,1,2,0,0,19,0,0,1,0,1,1,0,2,0,0,0,16,0,1,0,3
95258,0,2,4,1,0,21,0,0,1,1,1,0,1,9,3,0,1,16,2,3,4,2
76487,0,1,5,0,0,23,0,0,1,7,3,0,1,12,18,0,0,25,1,1,0,9
36825,0,2,2,0,0,11,1,0,2,0,1,0,1,3,0,0,1,13,1,3,3,11
91120,0,2,2,1,0,8,0,1,1,0,1,1,2,5,0,0,0,20,1,5,13,20
90877,0,3,1,1,0,9,0,0,1,0,3,0,0,1,1,0,0,12,0,2,0,0
8737,0,0,2,0,0,3,0,0,0,0,1,1,1,1,0,0,0,5,0,1,0,1
24677,1,5,7,0,0,27,0,0,1,2,0,0,0,16,0,0,0,32,3,2,6,4
41190,0,2,1,0,0,19,0,1,2,0,1,0,0,8,5,0,1,11,0,3,0,3
26675,0,0,1,0,0,6,0,0,1,0,1,0,2,5,0,0,0,6,0,2,0,3
23788,0,0,0,0,0,5,0,0,0,0,0,0,0,4,0,0,0,2,0,1,8,3
92490,1,1,4,0,0,9,0,0,0,0,2,0,0,1,0,0,0,10,1,1,2,3
93633,0,1,6,0,0,4,0,0,0,0,1,0,1,6,0,0,0,10,1,1,4,11
16704,0,2,4,0,0,13,0,0,2,0,2,0,3,4,2,0,0,12,2,5,2,1
13988,0,6,2,0,0,17,0,0,1,1,1,0,2,7,0,0,0,14,5,3,0,0
84909,2,7,8,0,0,29,0,0,1,0,4,0,0,8,1,0,0,31,2,2,1,10
11266,0,1,3,0,0,4,0,0,0,0,1,0,1,4,0,0,0,8,1,1,5,7
37314,0,1,2,0,0,7,0,0,1,0,1,0,0,2,1,0,0,12,1,2,0,0
99507,0,1,5,0,0,5,0,0,0,14,0,0,1,2,3,0,0,10,1,1,0,2
12939,0,2,1,0,0,9,0,0,1,0,0,0,1,2,1,0,1,7,1,2,0,0
24833,0,1,5,0,0,11,0,0,1,3,2,0,0,10,0,0,0,17,1,1,0,1
46639,1,8,9,0,0,33,0,0,1,0,3,0,1,21,0,0,0,46,2,2,0,3
44599,0,3,1,0,0,11,1,0,2,0,1,0,1,5,0,0,0,12,2,3,3,5
86151,0,2,4,0,0,10,0,0,1,0,0,0,1,5,0,0,0,12,1,3,8,7
50940,3,3,6,0,0,31,0,0,1,0,1,0,1,1,0,0,0,21,3,1,0,2
69762,0,9,1,4,0,23,1,12,2,10,1,6,3,3,0,0,0,23,5,8,1,4
59211,0,20,2,0,0,41,0,0,2,0,0,6,1,9,16,0,1,29,3,10,2,3
85685,0,2,3,0,0,5,0,0,0,0,1,0,0,1,0,0,0,10,0,1,3,0
10483,0,1,2,1,0,13,0,0,2,0,2,1,0,8,0,0,0,8,1,5,7,11
53969,0,7,3,0,0,14,1,0,2,1,0,0,1,8,3,0,0,14,6,3,1,2
99771,0,1,2,2,0,15,0,0,2,0,1,3,3,1,0,0,1,11,0,4,1,0
45518,0,16,0,1,0,43,0,64,1,27,4,0,1,11,2,0,0,22,0,5,0,2
71468,0,2,4,0,0,9,0,0,1,0,1,0,0,8,1,0,0,30,2,3,0,1
76720,0,1,3,0,0,13,0,0,1,0,1,0,0,6,0,0,0,11,1,2,7,2
26951,0,8,4,0,0,36,0,1,1,0,3,0,1,16,12,0,0,25,7,8,0,0
64187,0,3,2,0,0,13,0,0,1,1,0,0,0,9,2,0,0,14,3,2,0,0
26671,1,1,2,0,0,24,0,0,1,0,0,0,0,3,0,0,0,21,1,1,2,3
92267,0,1,6,0,0,5,0,0,0,0,3,0,1,4,0,0,0,12,0,1,0,9
66765,1,7,7,1,1,24,0,1,2,2,0,0,0,12,14,0,0,15,4,3,0,3
18643,0,1,2,0,0,5,0,0,0,1,5,0,0,3,1,0,0,9,1,1,2,4
3224,0,4,3,0,0,12,0,0,1,0,1,0,1,4,2,0,0,16,3,2,9,0
69188,0,19,4,0,0,61,0,2,1,14,3,1,0,16,12,0,1,65,4,2,0,0
48481,0,7,2,0,0,29,0,0,1,0,1,0,2,10,0,0,0,18,2,7,3,1
42168,0,0,0,0,0,6,0,0,0,0,0,0,0,3,0,0,0,4,0,1,8,8
87809,0,1,1,0,0,4,0,0,0,0,0,0,0,2,0,0,0,8,0,1,0,0
23593,0,0,1,0,0,6,0,0,1,0,3,0,0,4,0,0,0,8,0,2,6,3
44130,0,6,3,1,0,26,0,0,2,3,2,1,4,12,2,0,1,26,4,5,1,5
66319,0,1,10,1,0,5,0,0,0,0,1,1,1,1,1,0,0,17,1,2,3,8
36986,0,2,1,0,0,10,0,0,1,0,0,0,1,3,2,0,0,8,1,2,2,0
18536,0,3,7,0,0,12,0,0,1,0,3,0,0,6,0,0,0,13,3,3,1,1
72124,0,4,5,0,0,21,0,0,1,0,2,0,0,5,3,0,0,40,2,3,3,71
68915,0,4,3,0,0,17,0,1,1,2,1,0,2,4,1,0,0,10,2,3,96,40
43550,0,0,1,0,0,3,0,0,0,0,0,0,1,3,0,0,0,6,0,1,0,16
66176,0,7,3,0,0,14,0,3,1,4,2,0,3,10,1,0,0,25,3,3,4,14
14127,0,1,1,0,0,4,0,0,0,0,1,0,1,0,0,0,0,7,0,1,0,81
29258,0,2,2,0,0,6,0,0,0,0,1,0,0,4,0,0,0,9,0,1,4,1
26355,0,1,4,0,0,5,0,0,0,0,0,0,1,2,0,0,0,2,1,1,0,4
11649,0,3,0,0,0,13,0,3,1,0,2,0,2,2,4,0,0,8,1,4,16,8
72329,0,0,3,0,0,34,0,4,1,1,2,0,2,5,5,0,0,10,0,6,1,0
93666,0,10,4,2,0,72,0,9,1,11,1,4,0,21,1,0,0,38,1,17,5,3
83353,0,0,0,1,0,9,0,0,1,0,1,0,0,4,1,0,0,14,0,4,1,0
69049,0,7,0,0,0,18,1,3,2,1,0,0,2,15,5,0,1,27,7,3,0,0
78625,0,0,3,0,0,7,0,0,1,1,1,0,1,8,0,0,0,9,0,3,0,2
9499,3,10,11,0,0,62,0,0,1,0,1,0,0,5,5,0,0,52,9,1,0,1
20017,0,2,3,0,0,7,0,0,0,0,1,0,0,6,0,0,0,16,2,1,2,12
36810,6,6,7,4,0,83,0,0,1,0,0,3,0,28,0,0,0,85,2,12,39,25
76559,0,2,1,0,0,4,0,0,0,0,1,0,0,1,0,0,0,9,1,1,1,4
56725,0,4,4,0,0,14,0,0,2,0,1,0,1,2,0,0,1,13,2,3,3,0
28939,0,0,5,2,0,23,3,0,2,1,2,1,1,13,3,0,0,14,0,7,2,4
62976,0,4,4,0,0,26,0,2,1,1,3,2,0,17,5,0,0,27,2,5,0,0
22139,0,1,5,0,0,4,0,0,0,0,0,0,1,4,2,0,0,10,1,1,3,4
89682,0,1,2,0,0,26,3,0,1,0,1,0,1,15,23,0,0,14,1,6,8,1
63412,2,6,7,0,0,45,0,0,1,1,1,0,0,16,2,0,0,63,6,3,7,4
13708,0,5,4,1,0,27,0,0,2,0,1,0,0,13,0,0,0,30,5,5,5,6
70695,0,2,3,0,0,8,0,0,1,0,0,0,0,5,0,0,0,12,2,2,10,2
58172,0,0,1,1,0,6,0,0,1,0,1,0,2,2,0,0,0,8,0,2,1,5
55595,0,5,2,2,0,15,1,0,2,0,1,1,0,7,0,0,0,14,1,6,0,2
48046,0,7,2,0,0,18,3,0,2,0,0,0,0,11,0,0,0,12,7,5,1,0
26777,0,1,2,2,0,16,0,0,1,0,1,0,0,5,0,0,0,25,0,4,2,7
20377,0,1,3,0,0,9,0,0,1,0,2,0,2,3,0,0,0,8,1,3,1,0
48673,0,1,3,0,0,7,0,0,1,0,3,0,0,3,0,0,0,14,1,2,6,22
43409,0,2,3,1,0,9,1,0,1,1,1,0,0,10,0,0,0,10,2,4,2,1
58597,0,2,5,0,0,12,1,0,2,1,4,1,0,5,0,0,0,14,1,6,2,3
92057,0,1,0,3,0,14,0,0,2,0,1,1,1,4,0,0,0,20,1,6,1,7
84979,0,4,8,2,0,18,0,1,2,0,2,0,2,9,2,0,0,26,2,5,3,31
87777,0,0,2,0,0,9,0,0,1,0,2,0,2,7,0,0,0,10,0,4,7,7
45565,0,1,1,0,0,14,0,0,2,0,1,0,0,5,9,0,0,18,1,5,1,1
82968,0,0,0,0,0,11,2,3,1,0,1,0,0,4,6,0,0,14,0,3,0,1
37216,0,6,3,0,3,26,0,0,1,1,1,0,1,4,1,0,0,35,4,3,0,0
27436,0,4,2,0,0,21,1,0,2,2,1,0,1,11,24,0,0,46,4,6,9,3
36940,0,2,3,0,0,12,0,0,1,2,0,0,0,7,7,0,0,14,2,1,0,0
97568,1,2,5,0,0,25,1,0,1,0,0,0,1,18,4,0,0,31,2,3,0,0
60393,0,1,5,0,0,12,0,0,1,0,1,0,0,3,0,0,1,8,1,3,1,1
93684,0,0,1,0,0,7,0,1,1,1,2,0,0,5,5,0,0,8,0,2,2,1
12875,0,1,3,0,0,4,0,0,0,0,1,0,0,15,0,0,0,8,1,1,63,5
86845,0,3,3,0,0,17,1,0,2,0,0,0,2,10,0,0,1,30,3,4,0,0
28251,0,3,4,0,3,24,0,0,1,0,0,0,1,5,0,0,0,16,3,1,2,4
23912,0,1,4,0,0,4,0,0,0,0,3,0,1,2,0,0,0,10,1,2,0,0
18222,0,1,1,1,0,6,0,0,0,0,1,0,3,3,0,0,0,9,1,3,1,0
76358,0,4,1,1,0,15,0,4,1,1,2,0,1,4,6,0,0,21,2,3,4,3
48600,0,0,2,0,0,6,0,1,1,0,2,0,1,8,1,0,0,7,0,3,0,1
15064,0,2,0,1,0,7,0,0,1,0,1,0,1,3,1,0,0,6,1,2,1,0
28682,0,5,0,2,0,22,1,5,2,0,1,0,1,7,5,0,1,16,3,5,1,0
91853,0,0,0,2,0,11,0,1,1,0,2,0,1,4,3,0,0,15,0,3,0,0
94733,0,1,4,0,0,5,0,0,0,0,1,0,0,4,0,0,0,11,0,1,2,8
68337,0,1,4,0,0,4,0,0,0,0,1,0,1,4,0,0,0,5,0,1,1,1
70767,0,2,4,0,0,10,1,0,2,0,1,0,2,4,0,0,0,9,1,3,0,2
87168,0,1,3,0,0,6,0,0,0,0,4,0,0,2,0,0,0,7,0,1,0,0
58514,0,4,2,1,0,6,0,0,0,0,2,0,0,1,0,0,0,14,0,3,3,8
10261,3,4,3,0,0,48,0,0,1,0,1,0,1,4,0,0,0,41,3,2,14,6
35674,0,0,1,0,0,7,0,1,1,0,1,0,0,4,1,0,0,6,0,2,1,5
64874,0,6,7,0,0,14,0,0,1,2,1,0,0,5,0,0,0,29,0,1,1,0
24968,0,4,1,2,0,7,0,4,0,4,0,4,1,3,0,0,0,5,2,3,1,2
78886,0,0,1,0,0,3,0,0,0,1,6,0,1,3,0,0,0,6,0,2,0,18
26548,0,0,2,0,0,3,0,0,0,0,2,0,1,1,0,0,0,9,0,1,2,23
36186,0,1,1,0,0,21,0,0,2,0,1,0,0,10,0,0,0,31,0,4,6,18
1492,0,9,7,0,0,15,0,0,1,9,3,0,1,3,0,0,0,16,7,2,3,1
11598,0,3,1,0,0,14,0,1,1,0,1,0,1,8,0,0,0,20,2,4,0,0
31940,0,4,6,0,2,25,0,1,1,0,3,0,1,11,1,0,1,29,4,2,0,0
54749,0,1,2,0,0,14,0,0,1,0,0,0,0,10,1,0,0,13,0,3,6,7
29232,0,3,11,3,0,19,0,4,1,0,2,1,1,10,7,0,0,51,3,8,49,173
31470,0,16,3,2,0,28,0,5,2,16,1,1,1,1,0,0,0,21,7,10,0,3
81666,0,0,1,0,0,7,1,0,2,0,0,0,0,3,0,0,0,7,0,3,1,1
19841,0,2,4,0,0,5,0,0,0,0,2,1,1,2,0,0,0,18,2,2,2,3
76790,0,0,10,3,0,13,0,0,1,0,1,0,4,3,0,0,0,13,0,4,1,1
33560,0,0,2,0,0,46,0,0,1,1,1,0,0,13,0,0,0,10,0,12,1,6
84595,0,31,6,3,0,81,0,14,1,3,2,0,1,15,15,0,0,50,9,17,0,0
23049,0,8,7,0,0,23,0,0,1,0,2,0,1,11,0,0,0,32,6,4,8,10
41706,0,0,0,0,0,7,0,0,1,2,0,0,0,5,0,0,0,9,0,3,0,2
72942,0,3,7,0,0,9,0,0,0,0,1,0,0,9,0,0,0,13,3,1,0,0
96607,0,2,11,2,0,14,0,0,1,0,2,0,1,8,5,0,0,28,2,3,4,13
16305,0,0,1,0,0,4,0,1,0,2,1,0,0,4,0,0,0,7,0,1,2,1
29409,0,8,4,0,0,25,0,0,1,0,0,0,0,18,0,0,0,25,1,1,1,2
6416,0,1,1,0,0,6,0,1,0,0,0,0,1,4,0,0,0,20,0,2,0,0
61151,0,1,0,0,0,9,0,0,1,0,0,0,1,4,0,0,0,12,0,4,8,7
88107,0,4,0,3,0,9,0,0,0,0,4,0,0,0,3,0,0,13,0,4,2,0
29337,0,2,7,1,0,12,0,0,1,0,4,3,2,5,0,0,0,18,0,4,3,3
10986,0,1,4,0,0,5,0,0,0,0,1,0,1,2,0,0,0,16,1,1,0,0
57831,0,18,18,1,0,32,1,0,1,0,1,0,1,26,2,0,0,51,17,4,11,11
30163,1,1,2,0,0,13,0,0,1,0,0,0,0,3,0,0,0,18,1,1,11,18
92221,0,11,3,0,0,25,0,2,1,15,1,1,1,8,5,0,0,28,2,7,3,1
36179,0,0,2,1,0,14,0,0,2,0,0,0,2,3,0,0,0,23,0,3,14,0
9749,0,2,1,0,0,19,0,0,2,0,1,0,1,6,0,0,0,26,0,5,9,13
7162,0,1,4,0,0,4,0,0,0,0,4,0,0,4,0,0,0,19,1,1,3,15
98857,0,0,1,0,0,10,0,0,1,0,2,0,0,6,3,0,0,10,0,2,1,5
4559,0,2,5,2,0,18,0,0,2,0,2,0,2,7,1,0,1,16,1,4,17,9
79090,0,3,6,0,0,12,1,1,2,0,2,0,0,9,6,0,0,13,3,3,0,1
64450,0,1,4,0,0,8,0,0,1,0,2,0,0,4,1,0,0,11,1,2,0,1
12341,0,1,5,0,0,16,0,0,1,0,1,0,1,3,1,0,0,8,1,4,3,3
60861,0,1,4,0,0,9,0,1,2,0,0,0,2,1,0,0,0,19,1,3,0,9
64455,0,9,2,2,0,26,2,2,2,2,1,3,1,11,4,0,1,25,8,7,0,0
31415,0,1,4,3,0,9,0,0,1,0,3,0,0,7,1,0,0,23,1,4,2,2
97909,1,7,9,0,0,18,0,0,1,0,1,0,1,9,0,0,0,28,4,1,0,1
14410,0,0,1,0,0,11,0,3,1,0,1,0,3,6,15,0,0,9,0,6,24,1
89436,0,8,11,1,0,14,0,0,1,0,2,0,0,9,1,0,0,39,8,2,0,0
85513,4,9,5,0,0,106,0,1,1,2,2,6,5,10,6,0,0,54,9,8,20,0
30110,0,2,2,1,0,13,1,0,2,0,1,0,2,5,3,0,0,21,1,4,4,2
78371,0,6,3,0,0,13,0,11,1,14,8,6,0,2,0,0,0,20,5,1,2,11
37084,0,5,2,0,0,15,0,1,2,0,4,0,0,4,1,0,1,16,1,3,1,3
32457,0,3,5,0,0,7,0,0,0,0,1,0,1,3,1,0,0,20,3,1,0,0
83741,0,3,4,0,0,11,0,0,1,0,1,0,0,10,3,0,0,19,1,1,1,1
32117,0,2,5,0,0,6,0,0,0,0,2,0,1,5,0,0,0,17,2,1,0,0
86174,0,1,4,0,0,4,0,0,0,0,1,0,1,0,0,0,0,14,1,1,0,0
61573,0,4,0,0,0,9,0,0,1,0,1,1,1,1,1,0,0,11,2,2,3,2
32465,0,3,3,1,0,24,1,0,2,0,1,0,2,6,2,0,0,19,2,4,0,4
17141,0,1,3,0,0,11,0,0,2,0,2,0,0,6,1,0,0,19,1,4,4,4
40915,0,1,2,0,0,9,0,0,1,0,0,0,2,0,0,0,0,10,0,2,1,0
24501,0,0,1,0,0,12,0,0,2,0,1,0,0,4,0,0,0,9,0,3,6,7
18889,0,0,5,0,0,3,0,0,0,0,1,0,1,2,0,0,0,7,0,1,29,162
57638,0,1,4,0,0,4,0,0,0,0,1,0,1,4,0,0,0,7,1,1,2,16
76833,0,1,2,0,0,4,0,0,0,0,2,0,1,4,0,0,0,9,1,2,3,0
93277,0,5,13,2,0,12,0,0,1,0,4,0,1,8,0,0,0,23,5,3,4,1
98647,0,9,2,0,0,22,0,5,1,0,2,0,1,6,23,0,0,18,9,4,4,2
88589,1,3,4,0,0,22,0,0,1,0,0,0,0,12,0,0,0,21,3,1,0,0
57781,0,2,6,1,0,8,0,0,1,0,2,0,2,4,0,0,0,18,2,2,0,3
65934,0,4,3,0,0,12,0,5,1,0,1,0,1,5,5,0,0,33,1,6,2,0
75575,0,5,3,1,0,10,1,0,1,1,0,0,0,5,0,0,0,9,5,5,0,0
94302,0,7,4,1,0,15,1,3,2,3,3,0,1,5,2,0,0,18,6,5,0,1
11893,0,1,5,0,0,10,0,0,2,0,1,1,0,4,0,0,0,17,1,3,3,11
70962,0,5,0,0,0,7,0,2,0,1,0,1,0,5,0,0,0,22,2,1,4,2
64428,0,0,1,0,0,3,0,1,0,0,0,0,1,1,0,0,0,17,0,1,2,3
70004,0,3,2,0,0,8,0,1,1,0,1,1,1,1,1,0,0,18,2,2,2,4
30883,0,0,6,0,0,9,0,1,1,0,1,0,1,4,2,0,1,15,0,2,0,1
58354,0,12,2,1,0,19,0,6,1,27,1,16,0,7,0,0,0,22,6,5,1,0
12329,0,3,2,2,0,10,1,2,2,1,5,0,1,4,0,0,0,12,3,5,0,1
81164,0,2,0,0,0,7,0,0,1,0,1,0,0,1,0,0,0,20,0,2,0,6
65879,0,1,0,0,0,19,0,0,1,0,0,0,1,10,6,0,0,8,1,2,0,1
86439,0,1,7,0,0,12,0,0,2,0,3,0,0,4,0,0,0,13,1,4,11,2
59447,1,6,5,0,0,23,0,2,2,2,0,0,0,8,0,0,0,29,3,5,3,2
15839,0,5,2,0,0,14,1,1,2,1,0,0,0,8,1,0,0,14,4,4,55,52
35995,0,3,5,1,1,20,0,0,1,0,3,0,1,5,1,0,0,23,3,2,0,0
4813,0,0,1,0,0,3,0,0,0,0,2,0,1,3,0,0,0,8,0,1,2,2
29071,0,0,1,0,0,6,0,0,0,0,1,0,0,3,0,0,0,22,0,1,0,6
61245,0,1,1,1,0,6,1,0,0,1,3,0,2,4,0,0,0,18,1,7,1,6
40317,0,6,0,2,0,11,1,3,1,3,3,4,2,3,4,0,0,22,3,9,0,29
59373,1,3,10,0,0,34,0,0,1,0,4,0,0,8,0,0,0,30,3,1,7,2
69732,0,4,6,0,0,15,0,0,2,0,1,0,1,6,1,0,1,20,3,2,0,0
27147,0,2,4,0,0,10,1,0,2,0,1,0,2,4,0,0,0,9,1,3,0,2
62391,0,1,9,0,0,4,0,0,0,0,0,0,1,8,1,0,0,16,1,1,8,3
8212,0,6,2,0,0,14,0,2,1,6,1,0,0,7,3,0,0,10,0,4,1,0
14443,0,9,4,1,0,23,0,3,1,0,0,0,1,5,11,0,1,35,6,5,5,1
82326,0,0,3,0,0,3,0,0,0,1,2,0,1,1,0,0,0,8,0,1,1,19
42466,0,4,8,0,0,14,0,0,1,0,0,0,0,12,0,0,0,23,4,2,1,4
48048,0,1,4,0,0,10,0,0,1,0,1,0,0,6,0,0,0,12,0,2,21,14
14517,0,1,3,1,0,9,0,0,1,0,1,2,2,3,0,0,0,14,1,3,2,6
10878,0,3,3,0,0,20,0,2,1,0,3,0,2,8,2,0,0,22,3,6,2,8
69046,0,3,3,0,0,11,1,0,2,0,0,0,1,5,1,0,0,12,2,5,1,2
52727,0,11,0,1,0,31,1,10,2,10,0,4,1,16,2,0,0,31,9,5,6,17
67233,0,5,4,0,0,12,0,0,1,0,0,0,1,6,0,0,0,14,1,2,2,1
34866,0,2,3,0,0,5,0,1,0,0,2,0,1,4,2,0,0,19,2,1,14,4
41268,0,8,6,0,0,24,0,1,1,3,1,0,3,11,3,0,0,34,5,4,20,78
35395,0,1,2,0,0,10,0,0,1,0,0,0,0,5,0,0,0,11,1,2,11,1
64543,0,0,3,0,0,16,0,0,1,0,1,0,0,16,1,0,0,30,0,12,10,8
11705,0,0,3,0,0,9,2,0,1,1,2,1,0,4,0,0,0,16,0,3,7,16
59434,0,7,2,2,0,18,0,3,1,5,1,0,0,9,3,0,0,29,2,5,2,0
56391,0,4,1,0,0,12,0,0,1,0,0,0,0,6,2,0,0,21,1,2,4,6
70618,0,0,1,0,0,5,0,0,0,0,0,0,3,1,0,0,0,18,0,3,0,19
71184,0,1,3,0,0,5,0,0,0,0,2,0,1,1,0,0,0,9,1,1,3,2
29211,0,0,0,0,0,3,0,0,0,0,1,0,1,2,1,0,0,3,0,1,2,3
85333,3,2,15,0,0,53,0,0,1,2,0,0,0,16,5,0,0,49,1,6,0,0
36168,1,5,6,0,0,22,0,0,1,0,0,0,0,4,0,0,0,32,1,1,2,3
22042,0,3,1,0,3,23,0,0,1,1,0,0,0,5,3,0,0,23,3,1,0,0
45032,0,3,7,1,0,12,0,0,1,0,2,0,2,7,0,0,0,15,3,6,2,1
58654,0,4,2,0,0,10,1,0,1,0,0,0,1,6,1,0,0,15,3,2,1,0
74751,0,0,4,0,0,21,0,0,1,0,0,0,4,8,0,0,0,10,0,7,2,66
14375,0,1,3,0,0,9,0,0,1,0,0,0,0,6,0,0,0,8,1,2,0,0
20177,0,3,2,4,0,13,1,0,2,7,0,1,5,3,0,0,0,11,3,12,1,1
83815,0,1,2,0,0,9,0,0,1,2,0,0,0,3,0,0,0,16,1,7,6,12
88389,0,3,5,1,0,22,1,1,2,0,1,0,0,7,1,0,1,31,1,7,8,7
99697,0,4,2,0,0,19,0,0,2,3,0,0,1,8,2,0,0,19,4,3,0,0
50412,1,0,1,0,0,9,0,0,0,0,0,0,0,1,0,0,0,10,0,1,21,21
49479,0,1,2,0,0,5,0,0,0,4,1,0,1,4,2,0,0,11,1,1,3,1
42435,0,1,3,1,0,10,0,0,1,0,2,0,0,8,0,0,0,17,1,2,7,0
49002,1,7,4,2,0,36,0,2,1,0,1,0,3,17,5,0,0,26,6,7,2,1
2441,0,2,6,0,0,19,1,0,1,0,2,6,9,3,0,0,0,28,0,11,11,1
32991,0,0,2,0,0,3,0,0,0,0,2,0,0,1,1,0,0,6,0,1,1,8
28158,0,1,3,0,0,12,0,0,1,0,3,0,3,6,0,0,1,14,1,3,7,62
28480,0,2,3,3,0,17,0,0,1,0,1,0,4,6,0,0,0,16,2,4,2,3
22182,0,2,2,0,0,11,0,0,1,0,4,0,0,2,2,0,0,27,0,5,6,21
65788,0,2,1,1,0,7,0,0,1,0,1,0,1,4,0,0,0,8,1,2,5,3
84084,0,5,4,2,0,12,1,0,1,1,1,1,0,4,1,0,0,16,4,6,6,1
91382,0,1,3,5,0,24,0,17,1,12,7,3,1,6,0,0,0,15,1,6,1,0
69875,0,2,2,1,0,5,0,0,0,0,0,0,1,6,1,0,0,13,2,2,1,0
2577,0,3,5,1,0,12,1,0,2,1,2,0,0,11,0,0,0,13,2,3,4,0
21411,0,0,1,2,0,8,1,0,2,0,1,0,2,2,0,0,0,10,0,4,1,1
65383,0,7,5,0,0,13,1,1,1,2,2,0,1,6,3,0,0,10,4,3,0,1
32728,0,3,3,0,0,9,0,0,0,0,2,0,0,6,0,0,0,12,0,1,3,31
12933,0,3,7,0,0,15,0,1,1,0,1,0,3,6,1,0,0,16,3,4,0,1
31392,0,17,5,0,0,26,3,0,1,3,4,0,0,15,0,0,0,31,14,6,0,2
81914,0,0,3,1,0,14,0,0,1,0,1,0,4,4,0,0,0,10,0,4,0,0
35621,0,0,2,0,0,5,0,0,0,1,2,0,0,5,0,0,0,14,0,1,1,7
94320,0,2,6,0,0,11,0,0,1,1,2,0,1,7,0,0,0,12,2,2,1,3
38747,4,2,8,0,0,55,0,0,1,0,2,0,1,3,0,0,0,49,2,1,4,1
81071,0,1,3,1,0,4,0,0,0,0,1,0,1,2,0,0,0,15,0,2,1,8
70162,0,0,2,1,0,9,0,0,1,0,1,0,0,4,1,0,0,12,0,3,2,4
40270,0,3,4,1,0,18,0,0,2,1,2,1,0,8,0,0,0,26,0,6,7,146
54559,0,0,1,0,0,3,0,0,0,0,0,0,1,2,0,0,0,10,0,1,17,17
47204,0,5,3,0,0,13,0,0,1,0,0,0,0,14,2,0,0,35,1,1,12,6
16336,0,5,2,0,0,9,1,0,1,3,1,0,1,3,0,0,0,7,4,3,0,13
47378,0,6,4,1,0,15,0,0,1,2,2,0,1,7,0,0,1,25,2,5,0,0
77930,1,8,9,0,0,85,0,1,1,0,1,0,1,12,1,0,1,67,7,2,21,49
88211,0,8,0,0,0,21,0,1,1,3,2,2,0,0,0,0,0,12,0,6,1,0
85338,0,2,6,0,0,17,0,0,1,0,1,0,0,5,0,0,0,23,2,2,8,0
68392,0,16,1,0,0,27,1,11,1,10,1,0,0,1,0,0,0,19,11,2,6,0
41005,0,3,6,0,0,20,0,0,2,1,2,0,1,7,4,0,1,19,2,6,8,6
72017,0,0,3,0,0,3,0,0,0,0,0,0,1,2,0,0,0,4,0,1,1,0
67005,0,0,2,0,0,3,0,0,0,0,1,1,1,1,0,0,0,5,0,1,0,1
25177,0,3,4,1,0,10,0,1,1,0,4,0,1,5,1,0,0,20,3,2,5,15
24983,0,12,2,0,0,33,1,6,2,1,1,0,1,8,1,0,0,44,8,6,1,1
93706,4,11,6,0,0,79,0,1,1,0,1,0,0,20,2,0,0,84,3,1,16,10
64272,0,7,1,0,0,37,1,7,2,2,1,1,0,16,37,0,0,33,7,3,2,10
87324,0,4,7,0,0,15,1,1,2,0,1,1,2,11,4,0,0,30,4,4,4,17
90608,0,0,5,0,0,11,1,0,2,0,2,0,2,15,1,0,0,30,0,3,0,1
58547,0,8,3,0,0,19,0,4,2,0,1,0,0,9,7,0,1,41,3,5,12,1
11247,0,2,2,0,0,14,0,0,1,0,0,0,2,12,4,0,0,15,2,2,15,8
97109,0,0,0,0,0,6,0,0,1,0,0,0,1,1,0,0,0,7,0,4,0,5
24363,0,1,0,0,0,9,0,0,2,1,0,0,0,8,0,0,0,12,1,4,2,0
57666,0,12,9,0,0,84,0,0,1,9,3,0,0,12,47,0,1,48,11,3,3,5
54365,0,1,3,2,0,12,0,2,1,2,3,2,0,4,6,0,0,14,1,3,1,2
66796,0,2,5,0,0,6,0,0,0,0,1,0,0,17,1,0,0,13,2,2,6,2
58031,0,5,2,0,0,14,0,1,1,1,1,0,1,7,4,0,1,23,5,2,0,5
54929,0,5,0,0,0,7,0,0,0,0,0,0,0,0,0,0,0,15,0,1,0,2
91574,0,3,4,1,0,11,0,0,1,2,1,1,2,4,0,0,0,21,3,2,8,2
48433,5,5,15,0,0,51,0,0,1,0,3,1,0,6,9,0,0,45,5,2,4,3
10075,0,0,3,0,0,3,0,0,0,0,2,0,1,2,0,0,0,4,0,1,2,7
34544,0,1,0,0,4,54,0,0,1,0,0,0,0,2,0,0,0,54,1,1,0,3
46171,1,4,5,0,0,17,0,0,1,0,1,0,0,9,0,0,0,27,0,1,0,2
75665,0,1,1,0,0,6,0,3,1,0,1,0,0,2,0,0,0,9,0,2,3,1
3939,0,0,3,0,0,4,0,0,0,0,3,0,1,1,0,0,0,4,0,1,3,4
15127,0,4,0,1,0,6,0,0,0,0,1,0,0,2,5,0,0,17,1,2,3,1
72769,0,3,2,1,0,23,0,0,2,0,0,0,0,16,0,0,1,39,2,4,7,3
88817,0,0,2,0,0,9,0,0,1,0,1,0,1,3,0,0,1,9,0,1,5,16
91719,0,0,1,0,0,9,0,0,1,0,1,0,2,2,0,0,1,11,0,2,3,0
16291,1,1,2,0,0,15,0,0,1,0,1,0,1,3,0,0,0,13,1,1,0,0
20892,0,3,0,0,0,14,0,2,1,0,0,0,1,4,8,0,0,13,2,1,0,0
32544,0,4,5,2,0,16,1,0,2,1,3,2,0,6,0,0,0,25,4,5,6,24
88856,0,4,2,1,0,16,0,3,1,1,7,0,1,9,11,0,0,23,4,3,3,5
35684,0,3,3,0,0,6,0,0,0,0,1,0,1,3,2,0,0,15,3,1,7,10
48700,0,4,1,0,0,12,0,0,1,0,1,0,0,7,3,0,0,11,2,6,0,0
91653,0,2,5,1,0,18,0,0,1,0,2,0,4,12,5,0,0,24,2,4,0,0
34228,0,4,5,0,0,6,0,0,0,0,2,0,0,1,0,0,0,21,2,1,2,1
65245,0,1,2,0,0,5,0,0,0,0,1,0,1,1,0,0,0,6,0,1,4,12
15430,0,4,2,0,0,12,1,0,2,2,2,0,0,6,0,0,0,18,4,3,0,0
11539,0,6,1,0,0,14,1,1,2,0,0,0,1,6,2,0,0,13,5,3,12,0
92065,0,1,2,0,0,10,1,0,2,0,0,0,0,4,0,0,0,17,1,2,5,0
98918,0,1,1,0,0,9,0,0,1,0,1,0,0,6,0,0,0,18,1,2,3,3
42531,0,0,1,0,0,6,0,0,1,1,0,0,0,3,1,0,0,12,0,2,6,2
49912,0,3,2,1,0,13,0,1,1,4,1,1,1,13,0,0,0,16,3,6,1,1
13188,0,1,2,0,1,7,1,1,1,2,1,0,0,10,1,0,0,17,1,2,2,0
42365,0,8,1,0,0,15,0,1,1,1,1,0,1,8,0,0,1,26,1,2,0,0
92311,1,12,9,0,1,43,0,0,1,1,1,0,0,21,1,0,1,61,6,4,33,29
82135,1,2,4,1,0,32,0,0,1,1,3,0,2,8,0,0,0,27,2,3,0,0
44852,0,10,4,0,0,25,3,0,2,0,1,0,1,7,0,0,0,19,7,7,12,9
74938,0,0,3,0,0,3,0,0,0,0,0,0,1,2,0,0,0,3,0,1,1,0
37934,0,6,1,0,0,9,0,2,0,4,1,2,1,0,0,0,0,9,2,3,0,1
88392,0,4,2,1,0,19,1,4,1,1,0,0,2,16,4,0,1,32,4,3,9,6
31720,0,1,3,0,0,17,1,0,2,0,1,0,0,14,6,0,0,18,1,4,4,1
79910,0,1,2,0,0,8,0,0,0,0,2,0,1,7,0,0,0,9,1,1,1,7
45520,0,2,3,0,0,10,0,0,1,0,0,0,1,4,0,0,1,9,2,1,4,5
28627,1,3,3,0,0,47,0,0,1,0,1,0,0,11,6,0,0,17,3,6,0,0
56268,0,15,0,0,0,21,0,0,1,0,0,0,0,4,17,0,0,19,6,3,16,25
5936,0,3,6,0,0,12,1,0,2,3,2,0,0,4,0,0,0,12,1,3,0,1
7395,0,6,4,0,0,23,0,2,2,0,1,0,0,5,4,0,0,31,0,3,1,0
84303,0,5,1,0,0,15,1,1,2,0,2,0,3,7,2,0,0,23,4,4,15,6
51725,0,5,6,0,0,19,0,1,1,1,1,0,1,15,8,0,0,19,4,6,0,0
30821,0,5,2,1,0,20,1,0,2,0,1,0,3,11,0,0,0,31,4,6,7,6
57745,0,0,1,0,0,3,0,1,0,1,0,0,1,3,0,0,0,6,0,1,2,8
12234,0,2,1,2,0,12,1,0,2,3,1,0,1,4,2,0,0,17,2,4,1,1
27291,0,0,0,0,0,4,0,0,0,0,0,0,0,2,0,0,0,2,0,1,0,3
76518,0,3,4,0,0,12,0,0,1,0,0,0,0,9,0,0,0,23,3,2,6,6
28902,0,1,11,0,0,14,0,0,1,0,0,1,4,8,1,0,0,18,1,4,0,1
57755,0,2,2,0,0,17,1,0,2,0,1,1,1,5,2,0,1,22,2,4,9,27
73223,0,2,3,0,0,13,0,1,2,0,0,0,2,6,0,0,0,8,2,4,0,2
34101,0,1,0,1,0,5,0,0,0,0,2,2,2,2,0,0,0,10,1,2,0,5
20814,0,8,0,0,0,17,1,13,2,9,1,5,1,2,0,0,0,18,5,4,1,0
36612,0,8,2,1,0,19,2,1,2,4,0,0,1,6,4,0,0,12,7,4,5,0
68008,0,4,4,0,0,22,1,0,2,0,0,0,1,16,1,0,0,10,3,3,0,2
19788,0,0,1,0,0,4,0,0,0,0,0,0,0,2,1,0,0,3,0,1,5,1
10440,0,4,2,1,0,18,0,0,1,3,9,1,1,8,7,0,0,20,4,9,11,1
26684,0,1,4,0,0,18,0,0,1,0,2,0,1,27,0,0,0,13,1,1,0,1
76655,0,12,3,0,1,23,0,0,1,4,0,0,1,14,0,0,0,26,3,1,0,0
542,1,2,0,0,0,18,0,3,2,2,1,0,0,3,0,0,0,17,2,4,5,3
6297,0,6,3,0,0,23,0,4,1,0,1,0,1,6,4,0,1,28,4,5,3,2
9867,0,3,3,0,0,16,0,0,1,2,1,0,0,17,0,0,0,22,0,2,1,0
27256,1,2,4,0,0,31,0,3,2,0,1,0,0,14,6,0,1,24,0,3,0,1
85197,0,0,0,0,0,8,0,0,0,0,0,0,0,3,4,0,0,6,0,1,2,3
73108,0,9,3,0,0,20,0,0,1,0,0,0,0,7,9,0,0,129,5,1,0,1
54888,0,2,3,0,0,10,0,0,1,0,1,0,0,4,0,0,1,22,2,3,0,1
907,0,2,2,0,0,8,0,0,1,0,2,0,2,3,0,0,0,13,2,2,0,3
75975,0,10,2,0,0,20,1,0,2,0,2,0,0,9,2,0,1,29,8,3,4,1
85545,0,0,6,0,0,20,0,1,1,0,1,0,5,1,1,0,0,33,0,6,2,0
70784,0,2,1,0,0,7,0,0,1,0,1,0,1,1,0,0,0,7,1,2,0,1
63200,0,4,1,0,0,16,0,0,2,0,0,0,0,12,2,0,1,17,1,3,0,0
17253,0,12,7,0,0,18,0,1,1,4,2,0,1,14,6,0,0,28,12,4,0,0
40809,0,6,6,0,0,17,1,0,2,1,2,0,1,6,0,0,1,20,5,3,0,0
89644,0,0,4,0,0,7,0,0,1,0,5,0,2,5,0,0,0,15,0,2,0,1
54701,0,2,5,0,0,10,0,1,1,0,1,0,0,4,1,0,1,19,0,2,0,0
35993,0,0,5,0,0,3,0,0,0,0,2,0,1,0,0,0,0,9,0,1,1,6
77415,0,1,1,0,0,10,0,0,1,0,2,0,0,4,13,0,0,10,1,2,2,4
42651,0,0,1,0,0,4,0,0,0,0,1,0,0,2,0,0,0,10,0,2,3,7
60771,0,7,3,2,0,27,1,0,2,5,2,0,1,1,4,0,2,20,4,8,0,6
31693,0,0,1,0,0,7,0,1,0,0,1,0,0,4,6,0,0,23,0,1,3,10
93991,0,0,1,0,1,11,0,0,1,0,1,0,0,4,0,0,0,8,0,3,10,3
32271,0,4,0,0,0,17,0,0,1,0,0,0,1,3,0,0,0,7,1,4,0,0
53757,0,10,14,0,0,21,0,0,1,0,7,0,1,18,0,0,0,44,10,6,8,6
33283,0,2,5,0,0,17,0,1,1,1,0,0,1,11,0,0,0,15,2,4,2,8
35353,0,2,2,0,0,7,1,0,1,0,2,1,1,3,0,0,0,9,1,2,0,1
5330,0,1,0,0,0,4,0,0,0,0,1,0,0,1,0,0,0,5,0,1,0,0
47140,0,3,1,0,0,6,0,0,0,0,1,1,1,8,0,0,0,11,3,1,2,23
67612,0,1,1,0,0,9,0,0,1,0,0,0,2,3,0,0,1,7,1,2,0,0
83940,0,2,4,0,0,6,0,0,0,1,1,0,1,1,0,0,0,9,2,1,3,5
63683,0,3,0,0,0,9,0,0,0,0,0,0,2,3,1,0,0,16,3,2,0,2
98261,0,6,7,4,0,28,0,3,1,0,0,0,3,12,8,0,0,50,3,7,0,0
5054,0,5,3,0,0,18,2,0,2,0,2,0,0,3,0,0,1,12,3,5,3,7
53446,1,4,6,0,0,37,0,2,1,1,0,0,8,9,6,0,0,21,4,9,8,0
87610,1,0,3,0,0,98,0,0,1,0,2,0,1,1,0,0,0,69,0,1,10,13
68307,0,1,3,0,0,5,0,0,0,0,1,0,0,6,0,0,0,6,1,1,3,0
54285,0,1,6,1,0,7,0,2,1,0,1,0,1,2,4,0,0,17,1,2,0,1
14185,0,2,4,1,0,56,1,0,1,0,1,0,2,8,2,1,0,47,2,3,5,1
48374,0,1,6,0,0,4,0,0,0,0,5,0,0,2,0,0,0,11,1,1,1,6
11198,0,4,2,0,0,12,0,1,1,1,1,0,0,8,0,0,0,30,4,1,4,1
98505,4,1,0,0,0,55,0,1,1,5,0,0,0,3,0,0,0,42,1,1,0,2
91713,0,0,2,0,0,6,0,0,1,0,1,0,1,1,0,0,0,12,0,2,0,0
46637,0,1,3,15,0,14,0,1,1,0,3,0,10,10,2,0,0,12,1,18,2,0
41087,0,6,6,0,0,16,2,0,1,0,0,0,0,12,0,0,0,18,6,5,7,0
96289,0,1,1,0,0,7,0,1,1,0,2,0,2,3,2,0,0,9,1,2,2,1
53656,0,9,4,0,0,31,1,3,2,4,1,0,0,12,11,0,1,28,2,4,5,6
98883,0,1,1,0,0,13,0,1,2,2,0,0,2,5,0,0,0,10,0,3,0,2
29280,0,0,0,0,0,7,0,0,0,0,1,0,0,3,3,0,0,7,0,1,0,2
91103,0,2,2,0,0,17,0,0,1,1,0,0,2,4,3,0,1,13,2,3,2,5
21927,0,3,2,0,0,6,1,0,1,1,1,0,0,3,0,0,0,7,3,2,1,0
25325,0,3,0,2,0,14,0,1,1,0,3,0,0,9,2,0,0,17,3,3,4,1
13162,0,0,4,0,0,14,3,0,2,0,3,0,0,9,0,0,0,14,0,5,0,3
2030,0,3,4,1,0,12,0,0,1,0,1,0,1,4,1,0,0,15,2,3,0,1
86555,1,15,7,3,0,46,0,0,1,1,1,0,2,20,2,0,0,80,4,6,4,8
21435,0,2,3,0,0,6,0,1,0,1,2,0,2,6,0,0,0,15,2,3,5,2
11569,0,7,9,1,0,17,0,0,1,0,2,0,1,9,0,0,1,31,4,3,1,2
43056,0,0,0,0,0,5,0,1,0,0,0,0,0,7,2,0,0,5,0,1,0,2
74724,0,1,2,0,0,7,0,0,0,0,2,0,0,5,0,0,0,10,1,1,7,14
18919,0,1,3,1,0,6,0,0,0,0,2,0,1,4,2,0,0,9,1,2,5,3
27010,0,3,2,0,0,6,0,0,0,0,1,0,0,3,0,0,0,13,0,1,8,4
78208,0,1,1,1,0,8,0,1,0,1,0,0,0,2,4,0,0,15,1,2,0,3
96605,0,4,5,0,0,21,0,1,1,0,3,0,3,12,4,0,0,29,3,4,24,9
57094,0,9,13,0,0,19,0,1,1,0,1,0,1,15,1,0,0,32,9,2,5,13
33810,0,2,1,0,0,9,0,0,0,0,0,0,0,3,4,0,0,15,0,1,1,1
88329,0,0,0,0,0,4,0,0,0,0,4,0,0,2,0,0,0,8,0,1,0,20
75948,0,5,5,0,0,13,0,0,1,0,2,0,0,8,2,0,0,21,3,1,0,0
64137,0,0,1,0,0,17,0,0,1,0,0,0,0,11,5,0,0,29,0,4,12,8
30592,0,1,0,0,0,14,0,0,1,0,1,0,1,10,8,0,0,34,1,2,0,1
39697,0,3,4,1,0,15,1,1,2,4,3,0,0,6,4,0,0,28,1,3,4,7
46955,0,1,1,0,0,5,0,0,0,0,1,0,0,3,1,0,0,10,1,1,1,1
27773,0,0,2,0,0,4,0,0,0,0,2,0,1,1,0,0,0,4,0,1,3,12
85403,6,6,3,0,0,47,0,0,1,0,0,0,0,3,1,0,0,24,6,7,0,2
2162,0,4,7,0,0,10,0,0,1,0,0,0,2,6,0,0,0,16,4,2,8,14
31319,0,8,12,0,0,39,0,0,1,10,2,0,10,12,0,0,0,33,8,10,0,0
4274,0,6,2,0,0,19,0,0,1,0,1,0,0,5,2,0,1,27,3,2,25,10
94318,0,3,2,0,0,18,0,0,2,0,0,0,0,5,1,0,1,17,1,3,0,0
82560,0,1,2,0,0,7,0,0,0,0,2,0,1,2,4,0,0,8,1,1,0,1
46048,0,4,3,1,0,10,0,0,1,0,1,0,2,8,0,0,0,15,4,2,2,2
99754,0,5,1,3,0,32,1,1,2,0,1,0,4,11,3,0,0,22,4,8,0,0
6250,0,1,4,0,0,6,0,0,0,1,3,0,0,4,1,0,0,12,1,2,5,0
87365,0,4,6,1,0,12,0,0,2,0,0,0,1,8,1,0,0,17,2,3,0,0
97741,0,3,1,0,0,13,0,0,1,0,1,0,2,3,0,0,0,14,0,4,4,2
61556,0,3,5,0,0,6,0,0,0,0,3,0,1,6,0,0,0,8,1,1,0,4
99295,0,0,1,0,0,13,0,0,1,0,2,0,0,4,0,0,1,13,0,4,5,0
30283,0,4,3,0,0,10,1,0,1,0,3,0,1,8,0,0,0,20,4,2,6,3
35454,0,3,0,1,0,8,0,0,1,0,2,0,1,4,0,0,0,12,0,4,4,2
9902,0,6,1,0,0,14,0,0,1,0,0,0,0,3,0,0,0,10,0,3,1,1
31268,0,8,8,2,0,27,0,0,1,0,3,0,2,15,1,0,1,28,6,6,0,6
38228,0,8,1,0,0,23,0,7,1,1,0,0,1,4,10,0,0,20,2,7,3,8
42695,0,1,4,0,0,9,0,0,1,0,0,0,2,2,0,0,0,22,1,2,2,5
79247,0,1,2,0,0,12,0,1,1,0,4,0,0,7,1,0,1,13,1,2,0,1
35272,0,2,1,0,0,19,0,0,1,0,0,0,0,7,0,0,0,22,2,5,0,0
17465,0,3,5,1,0,8,0,0,0,1,3,0,2,6,0,0,0,13,2,4,5,3
2295,0,1,2,0,0,4,0,0,0,0,1,0,0,2,0,0,0,6,0,1,6,3
31556,0,1,1,0,2,15,0,0,1,0,0,0,0,7,0,0,0,8,1,1,0,0
87190,0,0,1,1,0,7,0,0,1,0,1,0,2,3,0,0,0,20,0,2,6,13
21260,0,1,4,0,0,9,0,0,1,0,1,0,1,4,0,0,1,11,1,1,1,2
29216,0,1,1,1,0,15,0,0,1,0,1,0,3,3,0,0,1,11,1,4,2,1
95154,0,0,0,2,0,20,0,4,2,0,0,0,0,3,7,0,1,19,0,6,0,0
27996,0,2,3,1,1,10,0,0,2,0,1,0,0,9,0,0,0,23,1,4,1,1
77105,0,1,0,0,0,8,0,0,0,4,1,0,1,2,0,0,0,8,1,1,0,2
68244,0,4,3,2,0,21,0,0,2,0,2,0,5,7,2,0,0,15,3,8,4,4
99652,0,7,7,2,0,37,0,0,2,0,2,0,2,6,1,0,0,16,3,10,6,5
49487,0,0,0,0,0,6,0,0,0,0,0,0,0,2,0,0,0,2,0,1,0,2
93487,0,3,8,0,1,24,0,0,1,2,3,0,1,8,0,0,0,18,3,1,0,1
30935,0,1,2,0,0,4,0,0,0,0,1,0,0,0,0,0,0,9,0,1,1,25
60794,0,1,6,0,0,8,0,0,1,0,2,0,1,6,0,0,0,10,1,2,0,26
16356,1,0,0,0,0,8,0,0,0,0,2,0,0,1,0,0,0,8,0,1,1,1
52745,0,2,4,0,0,10,0,0,1,0,3,0,1,3,0,0,1,11,2,2,7,28
8663,0,9,5,5,0,17,0,0,1,0,1,0,0,7,0,0,0,14,7,8,1,2
31363,0,2,4,0,0,6,0,0,0,0,1,0,0,2,3,0,0,18,2,1,0,0
21544,0,1,0,1,0,16,0,1,1,0,1,0,1,10,6,0,1,12,1,3,0,1
38480,0,3,2,0,0,10,0,0,1,0,3,0,0,4,0,0,0,11,3,2,0,11
14100,1,3,5,1,0,20,1,0,1,0,0,0,0,5,0,0,0,25,1,3,6,7
49483,1,7,10,0,0,20,0,0,1,0,3,0,1,8,0,0,0,29,1,2,3,1
21425,0,2,2,0,0,9,1,0,2,0,1,0,0,5,0,0,0,14,2,3,1,0
61040,0,3,3,1,0,7,1,0,0,2,2,2,1,3,1,0,0,15,3,4,1,1
10232,1,2,0,0,0,13,0,3,1,0,0,0,0,3,6,0,0,18,0,1,4,14
62820,0,0,2,0,0,3,0,0,0,0,2,0,1,3,0,0,0,7,0,1,16,36
53368,0,1,2,1,0,14,0,0,1,1,1,0,2,13,0,0,0,14,1,3,0,4
80640,0,3,4,1,0,20,0,0,2,1,2,1,4,5,0,0,1,22,3,4,2,0
93621,0,3,5,0,0,7,0,0,0,0,2,0,0,3,0,0,0,8,0,1,1,7
34052,0,0,1,0,0,7,0,0,1,0,2,0,1,6,0,0,0,6,0,2,4,22
32308,0,1,2,0,0,18,0,0,1,0,1,0,0,9,0,0,1,20,1,3,3,6
71157,0,1,3,0,0,10,2,0,2,0,1,0,1,9,0,0,0,12,1,3,1,6
52966,0,5,6,2,0,20,0,1,1,0,4,0,1,6,1,0,0,19,2,4,0,1
95649,0,4,5,1,0,13,0,1,1,2,1,0,1,10,4,0,0,26,4,3,4,4
12137,0,0,6,0,0,12,0,0,1,0,1,0,0,4,0,0,0,12,0,4,0,6
35443,0,1,3,0,0,9,0,0,1,0,7,0,0,2,1,0,1,12,1,2,1,8
13795,0,3,0,0,0,12,0,7,1,4,1,4,2,4,0,0,0,9,3,2,4,12
14972,0,4,1,0,0,12,2,3,1,6,2,0,4,5,0,0,0,12,4,7,3,18
38242,0,0,0,0,3,8,0,0,0,0,0,0,0,2,0,0,0,10,0,1,0,0
5804,0,2,4,0,0,6,0,0,0,0,2,0,1,1,0,0,0,11,2,1,4,0
27967,0,0,2,1,0,9,1,0,2,0,2,0,0,3,1,0,0,16,0,4,1,5
91479,0,1,1,0,0,6,0,0,1,1,2,0,0,5,0,0,0,12,0,2,1,7
85178,0,2,1,1,0,12,0,0,1,1,1,0,1,6,0,0,0,12,2,3,4,2
82203,0,2,3,1,0,12,1,0,1,0,0,0,2,10,0,0,0,14,2,3,0,8
89477,1,1,2,0,0,16,0,0,1,1,1,0,2,3,0,0,0,14,1,3,5,0
93919,0,1,0,0,0,5,0,1,0,0,1,0,0,3,0,0,0,8,1,1,1,8
23126,0,3,3,0,0,12,1,0,1,2,1,1,0,12,0,0,0,15,3,2,1,10
47777,0,1,10,0,0,7,0,0,1,0,1,0,1,2,1,0,0,22,1,2,1,1
39937,0,3,2,0,0,8,0,0,0,0,1,0,0,6,0,0,0,14,1,1,1,9
21384,0,2,1,0,0,9,1,0,1,0,2,0,3,7,2,0,0,16,2,5,5,4
8601,0,1,2,0,0,12,0,0,1,0,2,0,2,2,1,0,0,9,1,3,0,1
30700,0,1,3,0,0,4,0,0,0,0,1,0,1,8,2,0,0,15,1,1,7,1
50301,0,5,3,1,0,17,1,0,1,0,1,0,0,10,0,0,0,19,3,4,18,23
44793,0,2,1,1,0,9,0,0,1,0,1,0,2,6,0,0,0,14,2,2,2,6
64149,0,5,1,0,0,15,0,2,1,0,1,0,0,6,1,0,1,16,1,4,5,8
53646,0,4,5,3,0,18,0,2,1,0,0,0,0,7,7,0,0,34,4,4,8,5
42838,0,2,1,0,0,6,0,0,1,0,0,0,0,4,0,0,0,10,0,3,2,2
33237,0,0,1,0,0,20,0,0,1,4,1,0,0,1,0,0,0,7,0,5,1,4
76359,4,12,6,11,0,85,0,0,1,1,3,0,2,12,2,0,0,40,8,13,1,3
98576,1,3,6,0,0,25,0,0,1,4,3,0,0,6,0,0,0,45,3,1,7,19
31345,0,2,1,0,0,9,1,0,2,1,2,0,2,3,0,0,0,7,2,3,1,11
58000,0,1,3,0,0,6,0,0,0,0,1,0,0,6,0,0,0,18,0,1,2,7
22602,0,1,4,0,0,9,0,0,1,0,2,0,0,4,1,0,1,19,1,2,4,15
27441,0,1,6,0,0,9,0,2,1,0,3,1,0,5,2,0,0,22,1,2,2,23
29104,0,1,4,0,0,6,0,0,0,0,2,0,0,7,0,0,0,17,0,1,0,1
29902,0,3,2,3,0,9,0,21,1,24,1,26,2,4,0,0,0,10,3,7,0,1
49801,1,0,2,0,0,8,0,0,0,0,1,0,0,1,0,0,0,14,0,1,0,2
86193,1,1,2,0,0,32,0,0,1,0,1,0,0,3,0,0,0,30,1,1,3,5
43733,0,2,3,1,0,10,0,1,0,0,3,0,1,8,4,0,0,31,2,2,0,0
13334,0,1,0,0,0,3,0,0,0,0,0,0,0,0,0,0,0,3,0,1,1,0
72850,0,1,4,1,0,10,0,1,1,0,2,0,0,10,3,0,0,14,1,3,0,0
2712,0,4,4,0,0,7,0,0,0,0,3,0,0,1,0,0,0,12,0,1,3,1
87757,0,3,7,0,0,14,0,0,1,0,2,0,1,3,0,0,1,14,3,2,0,0
90752,0,4,3,1,0,10,0,1,1,0,1,0,1,7,2,0,0,13,4,2,1,0
96046,1,1,2,0,0,20,2,1,1,0,0,0,1,5,1,0,0,21,1,4,2,6
53882,0,2,3,1,0,10,0,0,1,0,1,0,1,2,0,0,0,10,1,4,0,0
9857,0,2,4,0,0,17,4,3,2,0,2,0,0,8,4,0,0,11,1,6,3,14
83697,0,0,1,0,2,11,0,1,1,1,1,0,0,1,0,0,0,14,0,1,1,7
47732,0,1,4,0,0,7,0,0,0,0,1,0,1,3,0,0,0,14,1,1,8,8
32560,0,1,1,1,0,6,0,0,1,0,1,0,0,1,0,0,0,8,0,2,2,3
76596,0,4,4,0,0,14,1,0,2,0,0,0,1,12,0,0,0,21,4,3,14,19
99886,0,0,2,0,1,10,0,0,0,0,2,0,0,1,0,0,0,18,0,1,3,5
23146,0,1,10,2,0,11,0,0,1,0,1,0,1,10,2,0,0,7,1,3,1,0
33251,0,2,2,0,0,10,1,0,1,0,1,0,1,5,0,0,0,17,1,2,2,13
90078,0,7,2,2,0,14,1,0,2,1,0,0,1,3,0,0,0,10,4,4,2,12
20445,0,2,0,0,0,12,0,1,1,4,1,0,4,2,0,0,0,5,2,4,0,1
48482,0,0,1,0,0,13,0,0,2,0,1,0,3,5,3,0,2,8,0,3,2,5
23365,0,4,9,2,0,30,0,0,1,0,2,0,0,6,2,0,0,19,4,9,0,17
77805,0,5,3,1,0,39,0,0,2,8,0,4,1,6,1,0,1,44,3,9,1,69
54034,0,1,1,0,0,9,0,1,1,0,1,0,0,5,1,0,0,10,1,2,2,1
6829,0,1,6,0,0,4,0,0,0,0,1,0,1,3,0,0,0,11,1,1,0,3
54803,0,8,6,0,0,38,0,0,2,0,0,0,1,9,2,0,0,12,4,5,9,0
79916,0,9,5,0,0,32,2,6,1,2,3,1,0,24,19,0,0,43,9,8,5,2
42842,0,11,2,0,0,22,0,2,1,1,1,1,0,7,14,0,0,37,7,5,0,2
43661,0,7,2,0,0,16,0,3,2,6,2,0,2,11,1,0,0,20,7,4,0,0
8769,0,7,4,0,0,16,1,0,1,6,4,0,0,8,0,0,0,16,4,3,6,1
36559,0,4,7,0,0,15,0,0,1,0,1,0,1,7,2,0,1,20,4,2,0,0
47421,0,1,3,1,0,7,0,0,1,0,1,1,1,4,1,0,0,12,1,2,8,8
65845,0,0,3,0,0,6,0,0,0,1,1,0,0,5,0,0,0,12,0,1,0,1
9568,0,3,3,0,0,12,1,1,1,0,2,0,0,15,3,0,0,17,3,2,20,37
71922,0,1,3,1,0,8,0,0,1,0,1,0,1,6,1,0,0,17,1,2,1,7
29222,0,2,7,0,0,12,0,0,1,0,0,0,1,7,8,0,0,13,2,1,13,24
21330,0,0,1,0,0,3,0,0,0,0,1,0,0,1,1,0,0,8,0,1,1,17
53073,0,3,5,0,0,12,0,1,1,1,3,0,0,8,0,0,1,19,3,2,4,5
6790,0,0,0,3,0,13,0,0,2,2,2,2,3,2,0,0,0,6,0,3,0,58
69677,0,1,1,0,0,12,0,1,1,0,1,0,2,4,3,0,0,15,1,3,2,2
18617,0,2,4,0,0,10,0,0,1,0,4,0,1,6,0,0,0,10,1,2,7,1
74169,0,3,1,0,0,8,0,2,0,2,0,0,0,4,0,0,0,9,3,1,0,19
8640,0,2,6,2,0,17,0,0,1,0,2,0,5,8,0,0,0,17,2,5,3,3
87986,0,1,3,0,0,11,0,0,2,0,4,0,0,4,1,0,0,12,1,3,2,2
85870,0,4,3,0,0,9,1,1,1,1,0,0,0,6,1,0,0,15,4,2,0,1
20651,0,0,0,0,0,14,0,0,1,2,2,0,0,6,1,0,0,5,0,4,0,0
97291,0,1,2,0,0,23,1,0,2,0,2,0,2,15,3,0,1,26,1,5,3,10
35441,0,0,2,0,0,6,1,0,1,0,1,0,0,9,0,0,0,8,0,2,1,2
11113,0,14,2,0,0,30,0,9,2,1,0,0,0,9,2,0,0,36,13,8,18,14
63384,0,1,2,0,0,4,0,0,0,0,1,0,1,0,0,0,0,1,0,1,1,1
97157,1,4,2,0,0,40,0,1,1,1,1,0,2,9,2,0,0,29,3,4,0,5
12158,0,0,3,0,0,3,0,0,0,0,1,0,0,1,0,0,0,13,0,1,0,3
31078,0,6,7,0,0,21,0,2,2,0,0,0,0,8,3,0,0,48,6,6,18,15
75997,0,6,0,2,0,14,0,1,1,2,1,0,2,4,0,0,0,22,4,4,3,9
72366,0,12,3,0,0,19,0,1,1,0,2,0,1,6,3,0,0,31,8,4,12,4
53679,0,1,2,0,0,4,0,0,0,0,0,1,1,2,0,0,0,8,1,2,1,0
75741,0,6,4,1,0,14,1,3,1,1,3,1,1,6,5,0,0,23,5,3,6,2
26487,0,2,3,0,0,11,1,0,2,0,1,0,0,9,0,0,0,11,2,3,4,8
10847,0,0,1,0,0,7,1,0,2,0,1,0,0,4,0,0,0,11,0,3,1,3
12841,0,0,2,2,1,15,0,0,1,0,3,0,0,4,0,0,0,21,0,4,1,2
6466,0,1,1,0,0,7,0,0,1,0,1,1,2,25,0,0,0,10,1,2,1,2
